osmo1qpdyfrywhn8n4q6gfkqm0zfm2n63hh0rxvud3u,False,131530000,0,VOTE_OPTION_YES
osmo1qztzc3pze6d3w5cpat4ysqhv46gxqf0hpycqt4,False,1403061680,0,VOTE_OPTION_YES
osmo1qzul26v2tnqkjpcd2qxqdamr40zr7aj4m5wtam,False,260600000,0,VOTE_OPTION_YES
osmo1qrg60yrf7avsjegk0hrewecydu5atzrd0kxz82,False,248819300,0,VOTE_OPTION_YES
osmo1qr2c8dcdq9r5pkvd3cq4j2r9tl26uk7g2zrt2d,False,84000000,0,VOTE_OPTION_ABSTAIN
osmo1qrdglfal54npzae3rf068cy0p7xcdwh8tf05h8,False,10214000,0,VOTE_OPTION_YES
osmo1qyz4rvc7dfhsh5kzz9yhrm58cp4lpp9ajtj9sn,False,2600000000,0,VOTE_OPTION_YES
osmo1q93xkwtfv7nut0eqjjws377wkjk972653azdj3,False,250000000,0,VOTE_OPTION_YES
osmo1q9a7pp3lq6aa7ddyhwqw6heajg040ljl9q52jx,False,1390000,0,VOTE_OPTION_YES
osmo1q97kch4xqsv28guyu662lnk42zv6pyjpnyktje,False,187500000,0,VOTE_OPTION_YES
osmo1qx46s5gen6c88yaauh9jfttmfgdxnxxsckx0ce,False,94000000,0,VOTE_OPTION_YES
osmo1q8lg7prxcu0xlzselfp9mam49tu5mrh48p26yc,False,599852107,0,VOTE_OPTION_YES
osmo1qgy32lsratx8tn86cvg9aj5j50ajw4400m2h2w,False,1550000000,0,VOTE_OPTION_ABSTAIN
osmo1qg6fk9s7cq2vp53v75lvnc2ngp8e8nunk6eztd,False,0,0,VOTE_OPTION_YES
osmo1qf3fycpz5ahw4dpl275u3y5ngz290lh29fr7u0,False,49078613,0,VOTE_OPTION_YES
osmo1qf36e6wmq9h4twhdvs6pyq9qcaeu7ye0wcat3y,False,572900000,0,VOTE_OPTION_YES
osmo1qfkvt7592rh9v54rycpfhfhelpmpvmr7j5q42w,False,37231090068,0,VOTE_OPTION_YES
osmo1qfucy7548g479yzuf5j3qkge20az6t4qnm0t4s,False,20000000000,0,VOTE_OPTION_YES
osmo1q2ajpdysq8g4lswr9erm68862ynpv7cxlcq0ut,False,333808500,0,VOTE_OPTION_NO
osmo1qtfr3xepfehgmqee0wz2hypp3z585czld2ncyq,False,575675434,0,VOTE_OPTION_ABSTAIN
osmo1qttmfljc3qcerypthjtxw4a8675xcf9hhgegkg,False,1000000000,0,VOTE_OPTION_YES
osmo1qv9x5meurqh8yjflcw7zlax5400422zcw833ly,False,500000000,0,VOTE_OPTION_YES
osmo1qvj6xdgtfa3w5n63733wlu4qscenvak0dtf44r,False,12000000,0,VOTE_OPTION_YES
osmo1qd463kzgk73cpk9ywl3jhvn4v4uwlwd3pvtwqw,False,4625000000,0,VOTE_OPTION_YES
osmo1q0h3ht2j9m5sgaclmyqxyxdlhc4xysz79yh4zf,False,4493000000,0,VOTE_OPTION_YES
osmo1qnqwxazzha6lsx2rs2gewu2337uha5lz5uf2yt,False,363540000,0,VOTE_OPTION_YES
osmo1qnpx3y9jrx6z439r55aekmelkwe3fp42x980r4,False,300000000,0,VOTE_OPTION_YES
osmo1qn0d8m5s8k5e6ym5lu05g7xaj2zf8y576hn5cl,False,325000000,0,VOTE_OPTION_YES
osmo1qnlpk8ctd403r3fkzn82dff82lthpn05p8hhzk,False,5145125,0,VOTE_OPTION_YES
osmo1q5zr7peptw6mmcy5rtk9t4fjp34mu5976lu5g0,False,1500000,0,VOTE_OPTION_YES
osmo1q5r9rfwfma7cr6y0vmjzngu92jpwq4q6rhyp0e,False,7600000,0,VOTE_OPTION_YES
osmo1q5wva3rd2sk8alhkg0v4yzc2cw8d8920g5cjam,False,200000000,0,VOTE_OPTION_ABSTAIN
osmo1q44dda3fd6lnsrs7z58cgluphf45hdvv0dqv2j,False,1,0,VOTE_OPTION_YES
osmo1q4aw0vtcydtn7lqmkfprm4ncmr4jdj70kpg3p0,False,924411858,0,VOTE_OPTION_YES
osmo1qkarsglca8982mc4960ssp4pgjw6cy8yvhwr39,False,0,0,VOTE_OPTION_NO
osmo1qhr6ze3a53vux8sxcpju8a3erckjznjuyn2adw,False,643164285,0,VOTE_OPTION_YES
osmo1qcta3ksq050jnqvw0md7ezla85w4qry4kma449,False,8925019752,0,VOTE_OPTION_YES
osmo1qcaugnrkmzm9gkcp46kh4fge8v33542ayj3ddt,False,6442228961,0,VOTE_OPTION_YES
osmo1q6y0uzzkm3nue956gwyg4ey73smzp00lh49c2f,False,70650000,0,VOTE_OPTION_YES
osmo1q629ypkut4ydhd0ax39q6vghnla2sga2jr4sx6,False,287561703,0,VOTE_OPTION_YES
osmo1qm8ttsqm99uucnjqg7h2qzlrl6rxcay7eajm2q,False,206323155,0,VOTE_OPTION_YES
osmo1ppgmgys8plwketmh32gwwpzvwvl2u4kpsfzs4u,False,2150984,0,VOTE_OPTION_YES
osmo1pzm3x9j54xn88qvk0w69x35wj5xhqkm2dxa5g8,False,200000000,0,VOTE_OPTION_YES
osmo1prdeyzr6yqadmxptnv3k0mwuxwaa9fy8xd5ygj,False,2100000,0,VOTE_OPTION_YES
osmo1py7vnejer4auv8e0dyexvgkas4q08wppe2pmj5,False,500000000,0,VOTE_OPTION_YES
osmo1pxphtfhqnx9ny27d53z4052e3r76e7qq0ju6qu,True,8426979,131236773292,VOTE_OPTION_YES
osmo1pxg9vp0g4z4gd0a8a29d6a4ey3e7g24y3pnmrt,False,2574000000,0,VOTE_OPTION_ABSTAIN
osmo1pxlycxcty7p759d2vxmznxa0m57xwh4j08nyry,False,5000000,0,VOTE_OPTION_YES
osmo1p8m64aqtvhu6jcw30xx5khjuzcgpjf8qdllnxy,False,516000000,0,VOTE_OPTION_YES
osmo1pfpk6rsgc0x7g8q7y0yre86ej2enr8rhv3p8dq,False,26043426,0,VOTE_OPTION_ABSTAIN
osmo1pf8vwgr546v4e06ve7ts7v92a6u6s3tph30t2m,False,1263190250,0,VOTE_OPTION_YES
osmo1ptyzewnns2kn37ewtmv6ppsvhdnmeapvxxlq74,False,48600000000,0,VOTE_OPTION_YES
osmo1pvgyc3rcnlpyl8gkzgax3x8ewexq2fvvn6xtcn,False,36072956,0,VOTE_OPTION_YES
osmo1pv03yz7y7atd72xtzzpyfqy8w3eu5rwv5j5kka,False,497090000,0,VOTE_OPTION_YES
osmo1pvcn0jjv2mugdevlue9vj2ks7ryjgtccera0jq,False,400000000,0,VOTE_OPTION_YES
osmo1pdgrnyggvpr0egqfur0vsdcwwzl3zfs8nj6fnm,False,47500000,0,VOTE_OPTION_YES
osmo1pwndz63p9clj6zeckvu7wnkp48uyzv5kptx98q,False,1150000,0,VOTE_OPTION_YES
osmo1pwhhezdspshfc30mgcctm9t7kd606rt64hj6wm,False,8199185288,0,VOTE_OPTION_YES
osmo1p0ph8s5pmdy4xdu7am7npnlksl7hqguaw3z0de,False,19200000,0,VOTE_OPTION_YES
osmo1p0fkqn0mydvw3rf6030v4mff5d3c70dpv5gtn3,False,0,0,VOTE_OPTION_YES
osmo1p0c0d7faqjlhw5y07kxwppatahu22wdfzqargm,False,15000000,0,VOTE_OPTION_YES
osmo1p06guptkql3eannp5cl5qeqh27xwhzjqzzf7m3,False,5800460000,0,VOTE_OPTION_YES
osmo1ps8r79ur7xkvx5q4304xez7sx4tptha5pvewft,False,18900000,0,VOTE_OPTION_YES
osmo1pj9e89gc8dkvv72wh5qdsxwrnwzev8tv0vkk83,False,5590060000,0,VOTE_OPTION_YES
osmo1pjdun63sxyy5v9mgj7vhha69n79v49yu3yrzhd,False,466173718,0,VOTE_OPTION_YES
osmo1pjwhp7jfu0kac4mmmyqszt8jzeuhkgrdscl3t6,False,147620000,0,VOTE_OPTION_YES
osmo1pne2ccrqeh36ap3yfv4j38pk760xxpvzynd7rr,False,122361732460,0,VOTE_OPTION_YES
osmo1pn7txcl84yd4ht0ks5nlddjkakujjqzsutg5zq,False,31798000000,0,VOTE_OPTION_YES
osmo1p4ks5aktxq48yqmpzh8e90z6suan8zwyapz5hw,False,198769100000,0,VOTE_OPTION_YES
osmo1pkp436nka67f3e9zl4tdpz8e6tkspxqt44vuwd,False,771438682,0,VOTE_OPTION_YES
osmo1pk9j4dytcjd37hcqzkdrtr4cju5cdawqs7nj8t,False,0,0,VOTE_OPTION_YES
osmo1peq96jqmp9anxft7plu9qp4cpz4yr2k22rehqy,False,2430030053,0,VOTE_OPTION_YES
osmo1persgmglpz0spklwqfef49p0qn3weryyxm6y7v,False,100000000,0,VOTE_OPTION_YES
osmo1pernzzhnk9yemr3xcer6xdjy07tkzdgnejmwpp,False,84413000,0,VOTE_OPTION_ABSTAIN
osmo1pmclm4p22hgt6k2xa2kaywsklqey7qtvu9ptjm,False,0,0,VOTE_OPTION_YES
osmo1purja9dkex682z3j2xxhz4d9hxrpmlltc4yqmf,False,0,0,VOTE_OPTION_YES
osmo1pav2h84u4t80kf7ala2ss2j9umjussz7qseuws,False,32468029916,0,VOTE_OPTION_YES
osmo1pasnu3wly4gy0a5qwkrc5j99cv0zqj8g7s5yt5,False,218898225,0,VOTE_OPTION_YES
osmo1plt0hqnjktrc0c3yn5ru262ysrj7ulr7cavg65,False,13203357,0,VOTE_OPTION_YES
osmo1zqv58alxz2cyvdqdq2nz393kjy56edu3xtr7jt,False,5000000000,0,VOTE_OPTION_YES
osmo1zq7453s5cme425ps7m8h29r9wfzll20z228jrr,False,489223877,0,VOTE_OPTION_YES
osmo1zrfjkxfvf7v7dk4fl09hzztl8mdp6r9vmgm0pe,False,1175000000,0,VOTE_OPTION_YES
osmo1zr76txfh4ey7c7ul9chl0zqln4fmx0pd9a3wrz,False,1150000000,0,VOTE_OPTION_YES
osmo1zyqxtvzqfadl8l7nksvtfs6letxkzhl72jf9ql,False,4046000000,0,VOTE_OPTION_YES
osmo1zyqm8gmermk5mfncpvkdapaa6az4yy7kvfactw,False,24100000000,0,VOTE_OPTION_YES
osmo1zyfhfmj9scarwcvnuw7sndlqmdl0mfelhqnnm4,False,1619800000,0,VOTE_OPTION_YES
osmo1z9w2st4ngj7py7pyz8y8c5lpuntgvl7605y5h3,False,58500000,0,VOTE_OPTION_YES
osmo1zgaj2w950llsludydz5xmcp609uk02yse3w425,False,2474443600,0,VOTE_OPTION_YES
osmo1zfcmwh56kmz4wqqg2t8pxrm228dx2c6hd4lg3e,True,94000000,77032723494,VOTE_OPTION_YES
osmo1ztq42rm7agraeehd859qgqa5v4agrwg27w05s7,False,0,0,VOTE_OPTION_YES
osmo1ztz8t88xgqvueap24ufpfun5mxc3jhmcc63uzl,False,149866634,0,VOTE_OPTION_YES
osmo1ztdzqrhuv945xxjqa6af27shdaehzr2r6wehw4,False,1317297381,0,VOTE_OPTION_YES
osmo1zv35taypuhgeqxmv38hucfcshf8uyfwcy4vhgm,False,46000000,0,VOTE_OPTION_ABSTAIN
osmo1zdjq0adqftfczzuqx3cck6cd3pkdym6ykdvm4q,False,1081869,0,VOTE_OPTION_YES
osmo1zdaavhnhx8sfdqgtw9ygfxfn304d88lhj50ffm,False,0,0,VOTE_OPTION_YES
osmo1zwpcucd4nay5vh9p8wzar47kk668ch44xtz9fx,False,3000000,0,VOTE_OPTION_YES
osmo1zws09vrt3sk26x235fadqhlc0szn844n04e530,False,70000000,0,VOTE_OPTION_YES
osmo1zw6q8mp528rpqze9zfa26jnn37rqywg0eqpm3c,False,209231907,0,VOTE_OPTION_YES
osmo1z0xm3cvz5p29kn25jtkw232g788flzsl395hlv,False,2000084176,0,VOTE_OPTION_NO
osmo1z0sh4s80u99l6y9d3vfy582p8jejeeu6305m8d,True,15836000000,187035630000,VOTE_OPTION_ABSTAIN
osmo1z0ckel49tp46ead3lyj2rjkjyna0dnksw77pkw,False,23000000,0,VOTE_OPTION_ABSTAIN
osmo1z3qc9ngqrkuv4z5mda68nlzn5c4udrn3kskhyy,False,25000000,0,VOTE_OPTION_YES
osmo1zn0wj2xws04k0mtn79s05kguz68wdhmlf63qmt,False,642400290,0,VOTE_OPTION_YES
osmo1zn3a84lujzyg8ecdjh5x4qs7p2mk78jpxyfwjr,False,280000000,0,VOTE_OPTION_YES
osmo1znaa7msrj9nfc8rm04glkfwcc57358rm7hx60h,False,275080500,0,VOTE_OPTION_YES
osmo1z5xyynz9ewuf044uaweswldut34z34z3zefgfr,True,1200000,47820413714,VOTE_OPTION_YES
osmo1z5u0anhp5kz92u7xp8zyywx24uzrv903wm5ld6,False,111174420,0,VOTE_OPTION_YES
osmo1z5ujym7z2vfamctaz2pzyu9229g8qetfjwuwap,False,3700000,0,VOTE_OPTION_YES
osmo1zk69egdn06gu09rusu2p8ps6jtqxxlj9l0xx8d,False,26530116,0,VOTE_OPTION_NO
osmo1zetqqcuad5avl4l43zmttzj6er26ccerzsvmtq,False,273000000,0,VOTE_OPTION_YES
osmo1zeu4qkycg0ddqm9wca23p38q63zkmhplg6ww5u,False,1000000000,0,VOTE_OPTION_YES
osmo1zmyx0tegzetxfvlutf09fagmugz2r044tgyl4v,False,736500000,0,VOTE_OPTION_YES
osmo1zm594f8gp4868y47cukmzylfdzfzmwaxwl8xj4,False,0,0,VOTE_OPTION_YES
osmo1zuyt4nx04gmgvajjtexqhmm4cp8tmlfqfrp80l,False,3020453677,0,VOTE_OPTION_YES
osmo1zafa3kqsye7jp6gh9hs3fjsl8ysag5mgy2vgdn,False,94900000,0,VOTE_OPTION_YES
osmo1zawzh2td3wpf3kfsn0hmcj57pe33xl7gc3kwks,False,717000000,0,VOTE_OPTION_YES
osmo1zlcevrzusz6ccawra8c2ff7vx7uyy4kwn7wawd,False,1388109746,0,VOTE_OPTION_YES
osmo1rpjqknsyak6h40pktntjgmpalfz4lr4ws75qap,False,576000000,0,VOTE_OPTION_YES
osmo1rp43sezpnlpvds3d46l4w55rhcvh8mdvfr0tv4,False,2722000000,0,VOTE_OPTION_YES
osmo1rrpmradq3mwpuemq9ukmmnmkd0pe9pypvsudvn,False,56900000,0,VOTE_OPTION_ABSTAIN
osmo1rrd54xrg9w3cav0u34nhy2g5lz3jkygrahlps0,False,100000,0,VOTE_OPTION_YES
osmo1ryh9vt2kmvey4ewfu6p4f00lefjulrpyuqavap,False,1823571,0,VOTE_OPTION_YES
osmo1ryu2zpqjyf6zd6cxhlcszrg4ykt5lk2agzxmd6,False,4000000000,0,VOTE_OPTION_YES
osmo1ryacht55dn8nu0qajngptmfve76lmc7cuz6fvs,False,711200000,0,VOTE_OPTION_YES
osmo1rx89p3sqvdn5vvlydqhar6nnxpmwpjrwq7htr9,False,828491886,0,VOTE_OPTION_YES
osmo1r8he2t2eurm60d2ad45x5xncfv7tt2rlsd709a,False,440664000,0,VOTE_OPTION_YES
osmo1rgdcg53q5cz0tmpfp4q99sdp0fmyr8ac9r94sk,False,5287433500,0,VOTE_OPTION_YES
osmo1rg3fqyyz7sfc6gqawyxty05lkpky8q6uegxnxz,False,66080784076,0,VOTE_OPTION_YES
osmo1rgnnvltmwujr2yf067c6n8pzwz99fquzc7umhw,False,44539361,0,VOTE_OPTION_YES
osmo1rg47nzw0gtawkgcfvxnqd8tya976uqu2lazw68,False,10469000000,0,VOTE_OPTION_YES
osmo1rfjcyt8h8eztkhfxfvrw9jskxhu0arw7393ycn,False,356605227,0,VOTE_OPTION_YES
osmo1r2w6a2plyqf52gz4xhszr5gd2jjuq82upgfken,False,627350000,0,VOTE_OPTION_YES
osmo1r2u5q6t6w0wssrk6l66n3t2q3dw2uqny0l6fwk,True,132403000000,590147696292,VOTE_OPTION_YES
osmo1rt8e2rx3fzpp0cz3x9q3kyl955qnq0yj2cxvd8,False,498280856,0,VOTE_OPTION_YES
osmo1rtt2jf7pc6pfrj3nphjeppeje6v4zh9zrq7vtd,False,12000000,0,VOTE_OPTION_YES
osmo1rvwskwvy9xsj98kuve84jlah5ln49v2fur3ffx,False,33000000,0,VOTE_OPTION_YES
osmo1rdk8qx34q55pt3r8m9lsx268zufes8ewmlz6sy,False,800000000,0,VOTE_OPTION_YES
osmo1r022wq43gl8pc4ftnzsfvvys6tjfr9ktn6w25q,False,2022900000,0,VOTE_OPTION_YES
osmo1r0kqks5sslg0x9ek5q6y0frwws5ey7uqnwc8p8,False,0,0,VOTE_OPTION_YES
osmo1r3vdeju5pzcamzqmcvm6wplfere9zqsws8fp7z,False,1500000,0,VOTE_OPTION_YES
osmo1rjzkrmtlnv5ar880wzy0nx0zk6ppcctdf29sd5,False,7562586,0,VOTE_OPTION_YES
osmo1r49vzjx08tjxcnw94r7m9k8wy578ky5hyfqczs,False,39025592,0,VOTE_OPTION_NO_WITH_VETO
osmo1r4tlmxdv2c42r0z73ndga5ay7h8ut4exdsnama,False,1988855181,0,VOTE_OPTION_YES
osmo1r44yvd95k44spdampthwqjcgpt5mwyya9w9lqa,False,670596420,0,VOTE_OPTION_YES
osmo1rkl8s9x4fm2353ht5cxuf8lh6wqrhpyd0nd9ha,False,13500000,0,VOTE_OPTION_YES
osmo1rcpr7zw86sl5nmc0a56dh9nkvqcwpc4dmg6z53,False,0,0,VOTE_OPTION_YES
osmo1rcp29q3hpd246n6qak7jluqep4v006cdahdnv7,True,31114321870,31312321870,VOTE_OPTION_YES
osmo1rc9kyu89k4qpfhj4mhaa66n5n03pkd5m5nj46s,False,4980000000,0,VOTE_OPTION_YES
osmo1rcf5hdjs835vtk6he8majrsv789kgc4fhdygsv,False,1187850000,0,VOTE_OPTION_YES
osmo1reqht5gsdlcn64z0gfgtmsffvpqltdjrp4e2fl,False,1500000000,0,VOTE_OPTION_YES
osmo1rm0w7hlqen2zn2u26h7jwfzj8q2qr7hxajdja6,False,28929500000,0,VOTE_OPTION_YES
osmo1rmhtxuqdjydxe8egu88xtgk4u8uvnvuhsf8c2p,False,20000000,0,VOTE_OPTION_YES
osmo1ru0nx4cm8r3g9dyw2kad7d3cz3uym2yuf47gzg,False,828980000,0,VOTE_OPTION_YES
osmo1ranmykue4y0sxh8xfj6t7vd6nlx5vky3k8fmx2,False,2826000000,0,VOTE_OPTION_YES
osmo1ram2z868pqjye9n8jx57x2ff0qdyzll89sstez,False,386593399,0,VOTE_OPTION_YES
osmo1rlj87qcqf47qv2nve60a28a2x6ue344srvjukl,False,907000000,0,VOTE_OPTION_YES
osmo1yqfgs4ev7xyegpqx8wmle90ethhfg7869ymlc5,False,50000000,0,VOTE_OPTION_YES
osmo1ypsvuflcpdqr2msfqu3u77pqqspgl2htdpffu6,False,10246864,0,VOTE_OPTION_YES
osmo1yr53aaehyff23wpczrzvneg2e6m7jxgwcavdkj,False,5510000000,0,VOTE_OPTION_YES
osmo1y9rzfhtk58lr5czj4ya4v2g9x5m60p47mp073w,False,1538405,0,VOTE_OPTION_YES
osmo1y9da46mj76n0ly4hvtglfnfwuezspksya3j8as,False,500000000,0,VOTE_OPTION_YES
osmo1y9ls725ta2pzqzdp35n6uf29kxwn65nk8nd522,False,7321418124,0,VOTE_OPTION_YES
osmo1yxjtqpc6ejemrueuxu8f8dsufyx2kfx02w58gw,False,965000000,0,VOTE_OPTION_YES
osmo1y8f8dc7vrs4jkw0dqvpa0dgsq02nr6hkunvsqe,False,3275970000,0,VOTE_OPTION_YES
osmo1y8f69czxpah3p9qdsggz62ykd0m5pmj6w3l37n,False,13080296,0,VOTE_OPTION_YES
osmo1ygq7s6ndq2eusqztj3hcqyx7yvn7g3xs3d337h,False,10000000,0,VOTE_OPTION_YES
osmo1ygsgtmn057xn7xl30hz0a3y5p7p7ltyhxgrw3q,False,257187368,0,VOTE_OPTION_YES
osmo1y2ptynyf78vjl7agjj7e7x9t2k3gwgv5mm34s8,False,2200000000,0,VOTE_OPTION_YES
osmo1y2s3hwg5vgwek5jeqj3f5ks0yshxhr30jplvym,False,5718100000,0,VOTE_OPTION_YES
osmo1yt578y6lnunqwf5sq95tqqxau2w80f0uurymsa,False,8352871,0,VOTE_OPTION_YES
osmo1yt6pkw70sk3rfzt6fft2vdhh0nvvpwmz00q6h5,False,647872152,0,VOTE_OPTION_YES
osmo1yvxhykcest9wketemtsmv5cng22sa7ylcp70j0,False,5346777,0,VOTE_OPTION_YES
osmo1ywkgk4txq9selrldfljdwkjkgrl5l3epsnpcds,False,1692800000,0,VOTE_OPTION_NO
osmo1yw7cnckfmyjmv658wpsuhd5avfkjffx6d3t05u,False,30000000,0,VOTE_OPTION_YES
osmo1ysf66grzqtd9rzhkjtlmh8zgrme55whmmrpquy,False,2680000,0,VOTE_OPTION_YES
osmo1ysv2gvjs8hcw64yazywm4jv9ce50ng9nscun0k,False,415318282,0,VOTE_OPTION_YES
osmo1ysjrfcqs5t0gmnccu4rk5sc7cdm5l8zxflqz0a,False,2000000000,0,VOTE_OPTION_YES
osmo1yj5rfhr773l59424uyshzwz25dpptfvlu2ecvw,False,3824423,0,VOTE_OPTION_YES
osmo1ynecuwhuyuth65k7cfjmnj8p5myp96q8hc0sgh,False,36200000,0,VOTE_OPTION_YES
osmo1y523x4zpsftxlhwwd2gxkh00yxrvm0e2cn2zxf,False,1300000000,0,VOTE_OPTION_YES
osmo1y5svvk5x8efjgh26cns6u56r7wgfukmryjrej4,False,3936100000,0,VOTE_OPTION_YES
osmo1y573wwtlw47tj0flkwhphhgrpufgptxfctyw5c,False,7586420992,0,VOTE_OPTION_ABSTAIN
osmo1ykqfsmrw0uk4fcnycpp60a0cdg0xlsmc8y2nkg,False,100000000,0,VOTE_OPTION_YES
osmo1yk23l6ayjqtjpyx8u895gdumk0ydgqedxf8qks,False,443730000,0,VOTE_OPTION_YES
osmo1ykeesr75yf4yga60chpt54a4ynz8rn2fyvxyzm,False,165820000,0,VOTE_OPTION_YES
osmo1yh9afm2da7yee2c6s6kjtq2p6cwpxhz2c4smcj,False,0,0,VOTE_OPTION_YES
osmo1yhhsachm6d0yg8n9vjdpm5rx7q32lxptpu925a,False,58800000,0,VOTE_OPTION_YES
osmo1ycuk78dy5ywdxljclnvlwdm0u5l0qsc2yue67h,False,100000000,0,VOTE_OPTION_NO_WITH_VETO
osmo1yeyafzl0nczpdwx2q2wkwkez7za7uwt2px3s25,False,6000000000,0,VOTE_OPTION_YES
osmo1ye6edwpvaulwmrjaq4fezk6e5hdfs8p7wdz2uj,False,9999000000,0,VOTE_OPTION_YES
osmo1yelxx2cekvfq9z0t95f2cvr4us2qfhst9kzaue,False,35000000,0,VOTE_OPTION_ABSTAIN
osmo1y6zdk8tjlmpwss09xnvaa59ejq4vwvel0t5a26,False,1218848,0,VOTE_OPTION_YES
osmo1ymfug75xsv0ljh5ywkwxtan3l96ylf27x9tp0d,False,149915238,0,VOTE_OPTION_YES
osmo1yu75ymyu66m3s4ydsh69zedt8zkecmqdxw260l,False,10183000000,0,VOTE_OPTION_YES
osmo1ylxc3qt2083w86hnkq6l9ru6rudh35fnr4xvle,False,0,0,VOTE_OPTION_YES
osmo19q00cajdchp23ftvj2rmkg83jvffh3zjr9d0ym,False,875000000,0,VOTE_OPTION_YES
osmo19z2u5wr25q9el0pvx4m3x6ce5zrax36geemzn5,False,1200158159,0,VOTE_OPTION_YES
osmo19z54fsjd5m42cyfec0sl5pa73ppff8deyh5wjq,False,62919466,0,VOTE_OPTION_ABSTAIN
osmo19rfqwv3equna5eyypmhrw7yvc0qz0y9meu4e7a,False,163640000,0,VOTE_OPTION_YES
osmo19y2d9wyd89weem9hajwc80gl9frzy84e3cwt4e,False,5512300000,0,VOTE_OPTION_YES
osmo19ylk8zfu4qh7vrcmlsfgs6z99v3360qucut4vf,False,0,0,VOTE_OPTION_YES
osmo199gxe69xgw8qxpnld7ya8eh92ajdaqzwnw5akw,False,4877000000,0,VOTE_OPTION_YES
osmo19ggwu0vsfw0kcgx9tkxnev09ctv59auc26ekrq,False,1014000,0,VOTE_OPTION_YES
osmo19gdy7qkjy2596xqy052a56y68z2umea4tzy386,False,1000000,0,VOTE_OPTION_ABSTAIN
osmo19gsmx5fkk6a4rtaudn53eyq0awhhs8g7dgwl5t,False,1000000,0,VOTE_OPTION_YES
osmo19vt7cweuvm0x28u3zemde9kuzertmfmrgup3ml,False,250000000,0,VOTE_OPTION_YES
osmo19wdn25tjdf387y53hrn6vlnd5ygavvwtrht0t6,False,440000000,0,VOTE_OPTION_YES
osmo19sph5wrfs2kh7xgh27fksadv93dctjpzk4zpmw,False,2820000000,0,VOTE_OPTION_YES
osmo19smxvpm4qcn4q8erhx3r3uweclgz3sw929w3pc,False,703839,0,VOTE_OPTION_YES
osmo19susl6al8h7lqefg2svhm6gzzzvw5927h0ayqg,False,311000000,0,VOTE_OPTION_YES
osmo19s7nrzxwlwwt4pdk4dnk9wltnr67w6sd34w5ag,False,1946300000,0,VOTE_OPTION_YES
osmo1932c3xx2s25qk2c0asmj5d364d8e8q8tsq04dd,False,2537000000,0,VOTE_OPTION_ABSTAIN
osmo19j2hd230c3hw6ds843yu8akc0xgvdvyu02t2sd,True,15000000000,30697783868,VOTE_OPTION_YES
osmo19nw2f0q8g346x2rty27jfrtud9kt2y85u8rkfp,False,0,0,VOTE_OPTION_YES
osmo1954ry4r83cuxyjj0nr95823g9mayxc9k78z6z9,False,1069937,0,VOTE_OPTION_YES
osmo195ea098ndztvdt286l02y0jcg6des7pyl5n959,False,90125000,0,VOTE_OPTION_YES
osmo194gud7jtyahd44xm5rq8nldatqypl8wsu2av6j,False,423895,0,VOTE_OPTION_YES
osmo194swukntjr22803e7j73tssvcnrchpg38r66ve,False,435000000,0,VOTE_OPTION_YES
osmo19kk4mvrqxqwvwdr9a7v86wx0kzqcq6khumxs2f,False,11050000000,0,VOTE_OPTION_YES
osmo19h49wedtlx7nrjqdfkae0qal5s3uwpyf4squ6f,False,51000000,0,VOTE_OPTION_YES
osmo19e2670v3akpgnj4wetq2g4c954zkpkt8v7ya5n,False,6598000000,0,VOTE_OPTION_YES
osmo19ee2yv234v4y64kp0jjy896kkrrdts8cyq65ue,False,40000000,0,VOTE_OPTION_YES
osmo196jswumufqy8dquur3alrd9gqauswv8mxwe99a,False,5324000000,0,VOTE_OPTION_YES
osmo196mugj8j9v3a02ufxkfxxpgkahy3725sljgz43,False,79932044,0,VOTE_OPTION_YES
osmo196ax4vc0lwpxndu9dyhvca7jhxp70rmcpv4q4e,True,49100000000,2073785002692,VOTE_OPTION_YES
osmo19mz2auaquw5yyuaypucfjvtyjzjj8mkkrj8svc,False,70000000,0,VOTE_OPTION_YES
osmo19mn6qx0mzusdrrd7v7qem8szyjjmcz2828guxt,False,1181071000,0,VOTE_OPTION_ABSTAIN
osmo19ur2mkjz7egmyes02a93h6r9q8wvf6ptdgsq25,False,14320000,0,VOTE_OPTION_YES
osmo19uraxqsucmfvzvdhjhu2ycypqfh2z8k0z723f4,False,3552584551,0,VOTE_OPTION_YES
osmo19l8r0rsyz68tceleun4t0kpvqlrxdyks3jzf5f,False,7413095627,0,VOTE_OPTION_YES
osmo1xqxtf0cgzyc04xu4p4n60xwna89z8etjwp7a53,False,1000000,0,VOTE_OPTION_YES
osmo1xrve72ecqqkmnsp76e5n60j764rqrwfalew9ne,False,240218159,0,VOTE_OPTION_YES
osmo1xrhdvfg45syv5mekawsd36uj98xyyutx00u9c9,False,113990331,0,VOTE_OPTION_YES
osmo1xrcrx47umu2r7zhfu50ht5saex9l9g2etmsfe5,False,62000000,0,VOTE_OPTION_YES
osmo1xyde5wrmsjvennx7lhwuu5wl7ygnvyq2k25730,False,560919179,0,VOTE_OPTION_YES
osmo1xyuzfhgevyhudvr2n0j58rp2vyue3x3ugmnym7,False,1131200000,0,VOTE_OPTION_YES
osmo1xxzc8awwllqq4waxtej8u8vlyr89lmuycrk96k,False,2558400000,0,VOTE_OPTION_YES
osmo1x8958xm5el05p4thmg3vajv883z2w434c3jcd0,False,637000000,0,VOTE_OPTION_YES
osmo1xg08ellysp6qaqqdq2m9v64zudfcpnx3fmg05z,False,431900000,0,VOTE_OPTION_YES
osmo1xflmsjaxtljahaf6wlgkr565p9jwssef4622wr,False,24000000,0,VOTE_OPTION_YES
osmo1x2ay39z5fz8yt3nxymz4gmacwnwyup24k3unpl,False,12668906890,0,VOTE_OPTION_YES
osmo1x27hnp78rlsej70c3w473nyxxefeg4p4j777tj,False,600208173,0,VOTE_OPTION_YES
osmo1xvt7xz5726a325dunap7mmwggfg7ha7yrxtcs9,False,600818448,0,VOTE_OPTION_YES
osmo1xdf2tfpwrxffyth9f09p9wmcxuuqynlz0j989h,False,10516000,0,VOTE_OPTION_YES
osmo1xwqsywzaz03zdjq2smysj3hp64fvq26l8uz6j3,False,18555165,0,VOTE_OPTION_YES
osmo1xwseskrmnxrvesmad0xtyfvl3lx7xzkkr6q3qj,False,125000000,0,VOTE_OPTION_YES
osmo1x35dqplgdtyavsuwusqeqclj2aujfvkv2xqq42,False,0,0,VOTE_OPTION_YES
osmo1x37j9jeqjr0mxx3vrzpv3ly2349p9ac3tupc8d,False,37943198,0,VOTE_OPTION_YES
osmo1xjfgaw24t5yl094l72r9wdz03tzhpdajwl4gfh,False,250120000,0,VOTE_OPTION_NO
osmo1xnpytds00wsyy863lxtxfcsaet2jkzvstt4hc9,False,2909110000,0,VOTE_OPTION_YES
osmo1x5c8fduzk75wju9744htk6nw67rphwkluw9cut,False,0,0,VOTE_OPTION_YES
osmo1x4gj676l5lq9j2uehl0mw8pq3e0jl3cmcptmee,False,0,0,VOTE_OPTION_YES
osmo1xe0cpn002wge9ulguzyks09pnsqtw84m6dqqmh,False,1903550000,0,VOTE_OPTION_YES
osmo1xmhxh3949q7z864jysva5hexm45ps4xu7lxkku,False,5500000,0,VOTE_OPTION_YES
osmo1xuwl7x8htyl26t7pe3l0x6auj3j9jwd22d7dmh,False,1385000000,0,VOTE_OPTION_YES
osmo1xa5cv3h8ez3u0lxt40qy5rs6cxmc2yfp42lf06,False,1529000000,0,VOTE_OPTION_YES
osmo1x79zsqpfp8p9pxj87zydaep36xa8wpfsnwnqj9,False,1000000,0,VOTE_OPTION_YES
osmo18q4fhxe2pmgfls5sllwas62aruw60jntfl49dj,False,7150000,0,VOTE_OPTION_YES
osmo18p3j7e7mq3ezywyetnaapvk420c6yh4tsphxqy,False,222589969,0,VOTE_OPTION_YES
osmo18zk9deu73de2zgs69xacmn3kjjzxtdunhvx7a8,False,150000000,0,VOTE_OPTION_YES
osmo18r44epe6ju5pa5vd4rdf8yssqtrpjhzd7t6tt8,False,43000000,0,VOTE_OPTION_ABSTAIN
osmo189psxs56n9xjlxrfn2cjv70dx0x64rgv9t44qm,False,105000000,0,VOTE_OPTION_YES
osmo1892lwt3xp20ep82qr4eza2a338kgqj46rpc8r7,False,450000000,0,VOTE_OPTION_YES
osmo18f803mmtj2npzftnl4xndpf7yp0njlekhwhqu6,False,23600000,0,VOTE_OPTION_YES
osmo182xlpqjrrcw9nxd8g2chzzwygx3zuk8mg6ntw3,False,4508000000,0,VOTE_OPTION_YES
osmo18209hfrqcwvu9gufukf73v0y0kmwlzzeymlr49,False,600000000,0,VOTE_OPTION_YES
osmo182mvfd3m8fr4u74j3skvwnd3mrz56lalskn85p,False,0,0,VOTE_OPTION_YES
osmo18t6l5m0vs5995h9mr9ngkh8vvq7aq3ah2trv5m,False,16252308537,0,VOTE_OPTION_YES
osmo18dpnjxslnrv6jryek3weqs5ndukussumrvnmj8,False,43567000,0,VOTE_OPTION_YES
osmo18dy787n4srssn7nrs3u308emvsqj2d64ztfh2p,False,2609280000,0,VOTE_OPTION_YES
osmo18wycp23y69ky0rla4p75muzhejn0cd76dqh959,False,9531000000,0,VOTE_OPTION_YES
osmo180c39urf2eekhssxxq2pn44smx7zw2r2sskq2c,False,1560000000,0,VOTE_OPTION_YES
osmo18063de3eg3a2dqt7xqxhku3excxamvj0qa94rs,False,86523921,0,VOTE_OPTION_YES
osmo183nnun3xl7amzskn3apmnx7h6gwr427c5gr4ez,False,29584318,0,VOTE_OPTION_YES
osmo18jlc56v4gxux4wcah5njcnkxv6lde2hngtgjym,False,59500000,0,VOTE_OPTION_YES
osmo18nfveuj3hpxxe0ceprn34c0kef63rk4aq3jgad,False,180492530,0,VOTE_OPTION_YES
osmo184qfy5vu3g5kppmv60ldgs9k2mvvjuptpvxllj,False,13359819797,0,VOTE_OPTION_YES
osmo184jm7kewylwag6facktwuysqwtgejn8zcqmzer,False,0,0,VOTE_OPTION_YES
osmo18hep38745h0rg24wtgem7sw69lp65t0t6qsydw,False,291074016,0,VOTE_OPTION_ABSTAIN
osmo18e9g3kfkzc9n9aet5c9eqwvt6ay5raar8m9e6q,False,857000000,0,VOTE_OPTION_YES
osmo18e73ahwkz3d86g0w4yp4mhqswtx9q3kfsmv2ve,False,100000000,0,VOTE_OPTION_YES
osmo18uzz5g65tw85kg7uq9lykrdujms9t6ly94z60g,False,50000,0,VOTE_OPTION_YES
osmo18u9qxcff3sylzfpeqwe9p5zxcu8wffsz663zz8,False,2556684954,0,VOTE_OPTION_YES
osmo18ucy57v5afeugpp8as4yve3sckel2gv7mgxslk,False,4438956379,0,VOTE_OPTION_YES
osmo18uekcazhharfnl27e67jw82xzt0thqm02vfxch,False,7467370000,0,VOTE_OPTION_YES
osmo18um4uthn34szrtl9qsntpzqyvrtqgfk44ngs32,False,73000000,0,VOTE_OPTION_YES
osmo18u7sm5kfzz4spgkjzjsmqlfce9v6hgtmpf5qmk,False,1505179453,0,VOTE_OPTION_YES
osmo18aav27875wy0zlr34vt88nnwlr2prx09ug7lf3,False,358880000,0,VOTE_OPTION_YES
osmo187reejg4et24jpggqt55vnc47l926w0p6wxeze,False,1942583182,0,VOTE_OPTION_YES
osmo18lgqz5q4kzf6q4aq6emaet0vlz4jzt9jfgjuzv,False,16629630000,0,VOTE_OPTION_YES
osmo1gq6pd9q8px97720arytdngc7zhyrxp4xacmre8,False,2868928039,0,VOTE_OPTION_YES
osmo1gzr8qv7dp3dzx0a6mya78z5jr3qfeyt9dayjdc,False,1981065400,0,VOTE_OPTION_YES
osmo1grggpfq0l9ef0pmlaeutjhtyae3u52u6d8lfd8,False,100000000,0,VOTE_OPTION_YES
osmo1g99ccpz3n8z99la7j82vdqc50k257fhsuqw8mw,False,1500000,0,VOTE_OPTION_YES
osmo1g8yq39gcysxam0hzw5qqwj67p8fce0866s43k7,False,940000000,0,VOTE_OPTION_YES
osmo1g8g8kd24ysq73tmzt6u3uuv7qyx7wztprutyge,False,1850000000,0,VOTE_OPTION_YES
osmo1g8gsfpnr9vazqhu8w63d0ag37pqqshj6gdd0p0,False,4800000000,0,VOTE_OPTION_YES
osmo1g28t39fndhmm7n3ckhnlp2sxkz68wy557rh7pu,False,1083531000,0,VOTE_OPTION_NO
osmo1gtx9c6fj992za8rdf58m46kmyzjxngn04wcwcn,False,1000000,0,VOTE_OPTION_YES
osmo1gtfkmrwkz2ff72s2nx9jkj3ts3yxw549lymvst,False,10312028554,0,VOTE_OPTION_YES
osmo1gt0mt8vm5wa6a0t6un6dvs0x3a83twm7zkea0r,False,6000000,0,VOTE_OPTION_YES
osmo1gvm84pp3ayethwajz9fn06drlznjcyzy8av8cx,False,0,0,VOTE_OPTION_YES
osmo1gdv7kzg2lvx6k5w6nxq84q8r9z2ujpve8ds8qf,False,30000000000,0,VOTE_OPTION_YES
osmo1gdlhvzjpkuchtel3y8798ey79w7x62w2hsfjz3,False,5000000000,0,VOTE_OPTION_YES
osmo1gwqkt8rka8kg67x4f0jnsvw4hgv6rejg7wqp6t,False,897918400,0,VOTE_OPTION_YES
osmo1gw9n62cpmukfxkc09ehs3mmtj4myqwgcz9cfsw,False,105000000,0,VOTE_OPTION_YES
osmo1g0vl8ewklwwex8rc7xj4w88z5d2v33awu83uts,False,125000000,0,VOTE_OPTION_YES
osmo1g0hpuuquyk3t2hgtm74336jvpy6ssue78xv28s,False,2324256848,0,VOTE_OPTION_YES
osmo1gnftejcc6qzxpjdz2qs5tk9p2w8eel2lrx3xvh,False,50000000,0,VOTE_OPTION_YES
osmo1g5jncj68s8tadrlts6aja2e0jslz0nvteuwy26,False,5000000,0,VOTE_OPTION_YES
osmo1g55d0tceqmlfpft6s0xgpeegetnse6sv7e09lk,False,0,0,VOTE_OPTION_YES
osmo1gk83vrz4cukk8s5vwcsjka5crwpcrkxt832lty,False,10800000,0,VOTE_OPTION_YES
osmo1gk6py8fukt8dnaad00atemjqjlhjlwv9tna2ks,False,56950360000,0,VOTE_OPTION_YES
osmo1gkane59uzqanlwypwx498uy7dnxu4r7p6nxn5v,False,100000000,0,VOTE_OPTION_YES
osmo1gcj6dduz4nde39xc28v3ftrwujxje3nau9ydhp,False,2698485200,0,VOTE_OPTION_YES
osmo1gca7xukpr7twa0dufw4q4vuqt4g26lxdm9etx8,False,205027670,0,VOTE_OPTION_YES
osmo1geytta2c96y683966zee7py5av6q0yj2wmdqu9,False,763000000,0,VOTE_OPTION_ABSTAIN
osmo1gemjs2khq8y6l0v29vv0mkalqt4dvge6wnnyen,False,5329500000,0,VOTE_OPTION_ABSTAIN
osmo1g64qg84lltwqjs8awzjrmtmvs7lv49c9lp56zd,False,14081239,0,VOTE_OPTION_NO
osmo1guws3pgt8z37kse3d4kqtak3ffwuz0gn0hgk5p,False,847760857,0,VOTE_OPTION_YES
osmo1gu5r9eh6j96xn30hx37z2r5mnf0tj6ad6xvl3z,False,474455438,0,VOTE_OPTION_YES
osmo1guer88swuqhpd95094u3g8kl2rmlqyvs6jusxq,False,0,0,VOTE_OPTION_YES
osmo1gasyx4hrk8vnsfrkvzfck79hxggta5dz40ulhk,False,9477042,0,VOTE_OPTION_YES
osmo1g72q9dl7yqcl3lv3jqkrrrw8zayaan6hp20fct,False,130000000,0,VOTE_OPTION_YES
osmo1fpxyycxcchc30e35e7yp8wdtagfk2erv2js0mj,False,63436053,0,VOTE_OPTION_YES
osmo1fzkxv7k8hlcphdcy0su38w3yylzvs8mhmqjnug,False,8000000,0,VOTE_OPTION_YES
osmo1fzufmzdfujlwvfvk8wfxfxgsljsw6cnlydy54f,False,2461000000,0,VOTE_OPTION_YES
osmo1frpf79gs7357gmfehfmksxvgky2ccxzsmmh6ce,False,344141578,0,VOTE_OPTION_YES
osmo1fyn43t7g8kzxj8yej7eg2ua9msqxv6szsgz7ls,False,1000000,0,VOTE_OPTION_YES
osmo1f97cu3fltfu4s2sxaar8lqrstrtywg0adc5fdm,False,1000000,0,VOTE_OPTION_YES
osmo1fgwaqndwpl2hmk6vv98vt07fkefvx46w99q5ka,False,3612714860,0,VOTE_OPTION_YES
osmo1ffhe8dh8fawzgmsc5peldgtrhskazs47ca773a,False,0,0,VOTE_OPTION_YES
osmo1fdwa37j7lmu6laulptekcqqfvsv9203kmtlr28,False,250000000,0,VOTE_OPTION_YES
osmo1fdlckqtxmze44dmeuf83klyt69t56had2p5krf,False,0,0,VOTE_OPTION_YES
osmo1f0ltumdc380mwlj8klf2ewshm2z7x6kfzy5ese,False,0,0,VOTE_OPTION_YES
osmo1fsczk3dj3eqp62qeeg4jcwvg939zwa67yd92ru,False,3084089700,0,VOTE_OPTION_YES
osmo1f3sak44pkjzhhh2zjrdawufqpgdmqdd5pu7hu0,False,9000000000,0,VOTE_OPTION_YES
osmo1fjxu3mll5kfyhkfg22xk8wucr33jes8r6q5fvq,False,0,0,VOTE_OPTION_YES
osmo1fjs9qpuvkljdwmy8w3u0fcycxrjrkdhds7686j,False,6926500000,0,VOTE_OPTION_YES
osmo1f44ackqlt03ud4064sq7apuhtqlllv2h4h42hj,False,71370000,0,VOTE_OPTION_YES
osmo1f4hmea7xdje20zcqtsrll2kzkgrwcmyut8w3sd,False,240000000,0,VOTE_OPTION_YES
osmo1fkwnrnmqzgnr8vvjw7eudv6j4ggvft6tw3kxph,False,610000000,0,VOTE_OPTION_YES
osmo1fk0s4xz5wkhsvpdnah0lnnd7cjk4uwj7qaet7w,False,10000,0,VOTE_OPTION_YES
osmo1fh8gf0mt5cs5ukm0fu2r87678694878sxy58xg,False,55500000,0,VOTE_OPTION_YES
osmo1fhwcyxx2lgefnslf0prm53k93qxsef6uvy2xxs,False,30188651,0,VOTE_OPTION_YES
osmo1fcdt5aanc2u5gy8hvwnrpqnjysqrngxzc60jp0,False,1000000,0,VOTE_OPTION_YES
osmo1fc5p3n0mlm2tk9dar55n9astmxs4p5jk8g0atd,False,30000400000,0,VOTE_OPTION_YES
osmo1fcukvhl5c82h4s7uxtsmknl30l3p6xtqmnrq0c,False,2631910000,0,VOTE_OPTION_YES
osmo1fe453vnvzmf5ktu3tyq7kd68gymcfzuuamnkmg,False,5783637993,0,VOTE_OPTION_YES
osmo1femh4tsz8c7snqnjah0mdrrlskxfs60t0ypuzr,False,500000000,0,VOTE_OPTION_YES
osmo1fm9mu875mlr6kzkngf5805cg9ha2sd3fqdpf98,False,200646799,0,VOTE_OPTION_NO
osmo1fm0jjx68dg6456mk8lk4mulds8etuja3n7sk09,False,0,0,VOTE_OPTION_YES
osmo1fujw9udraastqazedvz72xzlr2gvv4q3aaqk5d,False,10166400000,0,VOTE_OPTION_YES
osmo1f7qvypfaee56km5rp8lvay4f0saq9xn4mz2srn,False,3239000000,0,VOTE_OPTION_YES
osmo1fldprvgm20tse9nqs4r3c4s9357mnev9x79629,False,1000000,0,VOTE_OPTION_YES
osmo12q3359j6shmfmfnf4g6dke48qxlgk0zhf53p3t,False,40000000,0,VOTE_OPTION_YES
osmo12pek06px76y2mr2fp7ew4wz8asxv3rpwgvdjww,False,1000000000,0,VOTE_OPTION_YES
osmo12pmqqfchfhhlmvttltae4y6manugz546q737j9,False,1000000000,0,VOTE_OPTION_YES
osmo12zqxkytn9qaajvvrsg90zkrr7pka9mqucrge6n,False,25000000,0,VOTE_OPTION_YES
osmo12z2988anxfkyrn9jtd942xgjlxqk6t8m5cxage,False,381100000,0,VOTE_OPTION_YES
osmo12rpfdvjvzen2vk95en0nn3g6f2r2wy265la4w2,False,10000000,0,VOTE_OPTION_YES
osmo12rp0rj5nw20xu6ullcjvsvuemmp53e7njzhn3m,False,2252000000,0,VOTE_OPTION_YES
osmo12rkk3fpl9vdgjyss4wcakmpqlndkrdzp5z0edy,False,54685746,0,VOTE_OPTION_YES
osmo129m4sxkyz0f2rp8yly6yfd46usx2836u9mnh2j,False,266900000,0,VOTE_OPTION_YES
osmo129u9geqpntha0jwal2jrtmazxv98gmaj5quspw,False,51000000,0,VOTE_OPTION_YES
osmo12gth2ge7cd0ddp2082vng8ft4qh27fetz7stfv,False,165000,0,VOTE_OPTION_YES
osmo12gskjsuv84g4ulxfffzqlw8s342tuf05e8p64d,False,10000000000,0,VOTE_OPTION_YES
osmo122esu76xehp8sq9t88kcn666ejjum5g5t8hwqn,False,66200000,0,VOTE_OPTION_YES
osmo12t3szfpfpp3rw3nr7fqmq4wkl5wp5msxfnrl6m,False,3208700000,0,VOTE_OPTION_YES
osmo12vgmdunnmgsx6xtp8x8f5gkqm98nqmzt9nnszj,False,3291382,0,VOTE_OPTION_YES
osmo12v3ckvq6jzljnn8gfheqz9fts6jcxsz92xvgls,False,0,0,VOTE_OPTION_YES
osmo12dnv539p9umh6ze2jpn8n57frlsads3djl0z5a,False,4120000000,0,VOTE_OPTION_YES
osmo12wmptq2zm3s2d8c0xukwj3fkcl0qw66wmxwr7x,False,40412000000,0,VOTE_OPTION_YES
osmo123nfq6m8f88m4g3sky570unsnk4zng4uqv7cm8,True,1022000000,1016070649242,VOTE_OPTION_YES
osmo123kc3cfvh2epdughwhv9r98y8hl4l3qh3hzgu0,False,2500000000,0,VOTE_OPTION_ABSTAIN
osmo12j2qnya4l320ppagvrveh2cll7rcpzxcgusdym,False,300000042,0,VOTE_OPTION_YES
osmo12nh0k9ltu7y08k77zk538cz0gty0nfw8hyyl44,False,4285000000,0,VOTE_OPTION_YES
osmo125s2fr0x3fhzwr8m57x0nv58xv39kv3hufh00j,False,1628955034,0,VOTE_OPTION_YES
osmo124ysmvvr8rprzhq8ksec5mjnkf56hujg05dlh8,False,368200000,0,VOTE_OPTION_YES
osmo124t7yuz42u6k4yzve4zhu2ak20upff2u7cg3zm,False,80000000,0,VOTE_OPTION_YES
osmo12ealu07v9647r2gjv2u93hk2h2vvcwj9xvd7ly,False,5000000000,0,VOTE_OPTION_YES
osmo1263ul2vpxktdkzhh3ee64wgmnnt2txj77cvstn,False,1343205378,0,VOTE_OPTION_YES
osmo126k337dmgpnsfaqjgzvtmpta3rgpwq5h88959z,False,115570450,0,VOTE_OPTION_ABSTAIN
osmo127pdm2umuvppet63lezvjv5flrvfyjrqsfaf6k,False,10202000000,0,VOTE_OPTION_YES
osmo1tq04x8rrh0zgmtcuwhzdkwc4gj8cc73u4lel75,False,0,0,VOTE_OPTION_YES
osmo1tqa7kt5vkzg3x5m64ky8x2lrv2uvlqmscuz8re,False,5941000000,0,VOTE_OPTION_YES
osmo1treczrfhsjdvlfvcgldt7d94wj4vhk3r228f2v,False,39000000000,0,VOTE_OPTION_YES
osmo1t95l7vvlhjj23wk5573ktvmkv0v7tr5z7fxu0v,False,377531380,0,VOTE_OPTION_NO
osmo1tx876rk7f66re3ttf3gte9typuwp4tela0h70n,False,3000000,0,VOTE_OPTION_YES
osmo1t8qckan2yrygq7kl9apwhzfalwzgc242lk02ch,True,25010000000,973985997743,VOTE_OPTION_YES
osmo1t898lrhkkh4qjt2qn4vr57dcnr4ne0har68603,False,1674400000,0,VOTE_OPTION_YES
osmo1tg9f7xd9e4fw66y2y8srzzxys940ys2xt4wee9,False,7350000000,0,VOTE_OPTION_YES
osmo1tgxqtkux5pdy0qsw3utd8vvae5q637ex57000w,False,1770439700,0,VOTE_OPTION_YES
osmo1tgwkckhwxk4drppp44p9kx97qj2cqyza5jnrya,False,12500000,0,VOTE_OPTION_YES
osmo1tg35xn6jf3h65q40eaymqy45gwtu0rnfc0qlc6,False,3301793303,0,VOTE_OPTION_YES
osmo1tghgz0mvgpsxtyr8t8u8unlqd95fqxfwt4t04n,False,296000000,0,VOTE_OPTION_YES
osmo1tff5zpw5nnswjstemvr52krcmryvdhc0f94alm,False,713597304,0,VOTE_OPTION_YES
osmo1tf3jl53fuctqx8s3p57vkhrc9l7tptfzfy7pre,False,97768096,0,VOTE_OPTION_YES
osmo1t20hn22ynse4ukp3nwrr0jyl0ln5hmcx8z6sv2,False,20012689817,0,VOTE_OPTION_YES
osmo1t2e08me8mw502cgsxfrgk8hp48saqheaw3g9jq,False,105000000,0,VOTE_OPTION_YES
osmo1t26rt7pe6ncygewkpe6arasy2zlqfvkgeg3pgr,False,6792000000,0,VOTE_OPTION_YES
osmo1tvcd8welups8wwgj9jxqpt9027eyzatla664k0,False,50000000,0,VOTE_OPTION_YES
osmo1tvmdhpatm60c80yk8wma3njhffsvhvs5x0jcnu,False,18060465058,0,VOTE_OPTION_YES
osmo1td4y8k23pqyjn7pyz99fhvyp0ghxdzwf5c4mss,False,183146969,0,VOTE_OPTION_YES
osmo1tw0ad49w26r0jsuazcpyt7zyljveeh45z6rjww,False,0,0,VOTE_OPTION_YES
osmo1t03p5a953l6pu3eufp4vyq2s9plye76r94umxq,False,32188430,0,VOTE_OPTION_YES
osmo1ts92tkwx80p2fz4yvnt5faa8l93v8pjdxcrqzq,False,300000000,0,VOTE_OPTION_YES
osmo1tshwngxafaaetznslcppa8exqc0zhfr4vxmygu,False,2990948480,0,VOTE_OPTION_YES
osmo1t3ymfp3azz7nvgseg8q4lf9m3xejrj8mxqvrlm,False,3562272000,0,VOTE_OPTION_YES
osmo1t33ejq53gnqxxphj8cn530vnwn9fhss88l0h4t,False,70700000,0,VOTE_OPTION_YES
osmo1tjdr9pzc4neplqegpu3je6lpwrns8u3dqccltl,False,942000000,0,VOTE_OPTION_YES
osmo1tj77h9xdwgvfs77p669eqehlhu8a29zr3w0405,False,0,0,VOTE_OPTION_YES
osmo1t5hslm089hx3qetp2f7nuhfww2qhuknkt9uq3x,False,0,0,VOTE_OPTION_YES
osmo1t5mmgc7tak82352xt7cmcx8z7dx7f3duxzamr2,False,15326511,0,VOTE_OPTION_YES
osmo1t42xgztw2ety5gleldmy3xxm4d7yz2e8rdxnya,False,19811374,0,VOTE_OPTION_YES
osmo1t43t6ax09hvjdp6g2fdp6aqxjnc3vnf9e74jc9,False,22789603,0,VOTE_OPTION_YES
osmo1t43afeavcdrsc9gpyrxc03r5407awjenc905hd,False,400000000,0,VOTE_OPTION_ABSTAIN
osmo1thnjt5wf6v4j3wux7kflgd2plrnf6nu24su8zs,False,174000000,0,VOTE_OPTION_YES
osmo1tc2hll3wfhu247scwnvu6ppgrwgc6sjz0z88cp,False,1233000000,0,VOTE_OPTION_YES
osmo1tew2mp3racvkcye5qj5vyyqf22sgr6zefwcaln,False,3111818917,0,VOTE_OPTION_YES
osmo1t60ptgcr6gh0ljmdj9lkecx5ace42f4dvtt0j9,False,1172000000,0,VOTE_OPTION_YES
osmo1tug3p667njqqlgup570uurdk8mvy3tyy24492j,False,2224218026,0,VOTE_OPTION_YES
osmo1tu5zhg6nevua8kultg98t8d52ftwd8zkyw0ee9,False,2500000000,0,VOTE_OPTION_YES
osmo1tulnw68jdjjlp2sw3ncj6wj930md4cpzmdf2du,False,758000000,0,VOTE_OPTION_YES
osmo1ta3kpc5uwa358hul6nsqrhcegqj4qnm9s0hu43,False,2019000000,0,VOTE_OPTION_YES
osmo1tlwt2hk70zapfyyl42dcsqtf5wgrq4jyx5zsqy,False,3000000,0,VOTE_OPTION_ABSTAIN
osmo1vq97vj6hsrvg8569eclpnpsvs6nk7jll22ut6e,False,37530000,0,VOTE_OPTION_YES
osmo1vpzlwskzcvy60lasrwa5xepztfp95vsdxjgj3z,False,2000000000,0,VOTE_OPTION_YES
osmo1vpwnq5sfxwgl94tmxvshjvwmgcnl3ykuaux3sf,False,4000000000,0,VOTE_OPTION_YES
osmo1vpu4h43exyywvksjw0jrffesh6eusexcecwvjy,False,5000000,0,VOTE_OPTION_YES
osmo1vzj2ke64ms039rgtmq5alz6v4vpqjjy8c84yzp,False,517146019,0,VOTE_OPTION_YES
osmo1vznwh5de5tu2qj4v7ll2tt70gk3twkyxapnv5r,False,16400000,0,VOTE_OPTION_ABSTAIN
osmo1vrrfesy6q34zychfvrk44uuk8vngjpz3ec5gxs,False,2722900000,0,VOTE_OPTION_YES
osmo1vyrvclccym5z98p9z0casuwm2yn0nx6ch9nker,False,208000000,0,VOTE_OPTION_YES
osmo1v9xaln6h5xvnjhsfh7rhqcmfa9ef5t4d3rzj82,False,10000000,0,VOTE_OPTION_YES
osmo1v92lczqymdmq5qaxptuswjkwykrrenjm2rdnvr,False,0,0,VOTE_OPTION_YES
osmo1v9jk6032ssff3jmkjgdt83qdkaagteg9045eyu,False,1480000000,0,VOTE_OPTION_YES
osmo1v8ndwx6adcev4za7xpk3t9lpz5hc4shvw4cmqk,False,1038212557,0,VOTE_OPTION_YES
osmo1v8k37a6gn84wmenhqp6v2d9kxsx3epq2jmv33t,False,251341155,0,VOTE_OPTION_YES
osmo1vft04guda4jh82qd4m449fhfhk98axcweeujqf,False,2162000000,0,VOTE_OPTION_YES
osmo1v2r652er8wajnv7ew9glfdlfyqxq9yt20tq52h,False,0,0,VOTE_OPTION_YES
osmo1vvvyqx8rec86aw67aq2qnx6wqn2xr6c3vkn7s3,False,25000000,0,VOTE_OPTION_YES
osmo1vv082ym5h2sungsvtjgljxvgwmpyfe60a5awsw,False,717174000,0,VOTE_OPTION_YES
osmo1vvndmmqa7s9klqhl6j29gvkku5c4elz505fya4,False,550448204,0,VOTE_OPTION_YES
osmo1vv4ve3lxpky7d6lt6mz0lrat69hen4rgfesam7,False,3100000000,0,VOTE_OPTION_YES
osmo1vvln3gz58r3nexrm76msfp9rhr3dzclcr8txn9,False,3274450099,0,VOTE_OPTION_YES
osmo1vd09qjffsh09npmpqjzzwvwmgqwx825hpzl0mx,False,315000000,0,VOTE_OPTION_YES
osmo1v0jfuvm4y422a0ln00hqfe9t5ssx0u7df8sy4q,False,0,0,VOTE_OPTION_YES
osmo1vsyumgyjvfezhdhazut88lz40yzdqdh8thl46u,False,0,0,VOTE_OPTION_YES
osmo1vsjx50urerdrlma3vp7zje49r0gpknf7fj5wnm,False,0,0,VOTE_OPTION_YES
osmo1vjgada9t78eh4v8whp9p8cg4evq4erusg68264,False,1028500000,0,VOTE_OPTION_NO
osmo1v5xjz279t4244lk9rpaupnxl7v7rnsp949c56p,False,1000000,0,VOTE_OPTION_YES
osmo1v5k4st3duzftjsrd4m82gwvz8aygcgz8txtq5l,False,953200000,0,VOTE_OPTION_YES
osmo1v4gq9z4hsf5ma6kfs3mvu3jlyrwz3t84w4de8e,False,1000000,0,VOTE_OPTION_YES
osmo1v4j55pqm2zg6nf0595t84u0qc6ngyefxspg565,False,856000000,0,VOTE_OPTION_YES
osmo1vcmwvc6nd0w2dpvewrkqxa2yhyy3zsl08xp5ws,False,172110818,0,VOTE_OPTION_YES
osmo1vmnszddr75huvt7fcvx7nuvk7vje4qmx373gew,False,7173417000,0,VOTE_OPTION_YES
osmo1vad0j6yeqr7947lmughnq8c7z78zqxjwtna236,False,11563742733,0,VOTE_OPTION_YES
osmo1v782ws8gzwdxmutxjh9jg06udy0u5uda98asvv,False,66000000,0,VOTE_OPTION_YES
osmo1v779pqxnvamjv2fkvfn27dwkteljnvrcy6rect,False,230000000,0,VOTE_OPTION_YES
osmo1dp3qeqpvgfkh7c07vn64m0kj7pps64ztdr7gyg,False,2500000000,0,VOTE_OPTION_YES
osmo1dphjqwenetur8p05a3jqr00navx0de09g88tm0,False,30000000,0,VOTE_OPTION_YES
osmo1dpulc3h32409jneelqmqjj5j4eyqf5svku3tcv,False,2924900,0,VOTE_OPTION_YES
osmo1drmn578tu4wsl342arpn7vlmel33c2gkq9q2g7,False,16000000,0,VOTE_OPTION_YES
osmo1dy6c2gvg0802ujsnkhcg3f0vuvqwypu326qc43,False,384633565,0,VOTE_OPTION_YES
osmo1d99ja0cd8efgcwy3gmyazyukvx08ge4fshwjhz,False,40000000,0,VOTE_OPTION_YES
osmo1d9j83ll3e0jh5w8kycjcmzcm2wdy0mr3ql0sgd,False,863000000,0,VOTE_OPTION_YES
osmo1dxpjsd28qw2xhwrm20v3ltu8en2nzh6zpzaemd,False,26720000,0,VOTE_OPTION_YES
osmo1dx686pl2x8e5768v5typznq7cgzm6ng78fxynw,False,23788888,0,VOTE_OPTION_YES
osmo1dx7nmzensudyj8njv4erezag23zy4cltjac7ax,False,4151448284,0,VOTE_OPTION_NO
osmo1d82xepefv0w8dc83sak7y6jnmdeyn7tf77fhz6,False,10000000,0,VOTE_OPTION_YES
osmo1d8mq46wt2yxsgwrmh6hhfgycl0537w8grq5kku,False,5000000000,0,VOTE_OPTION_YES
osmo1dg8qqpaqkn43v5tlqvmts42te20x942t75wnc9,False,813000000,0,VOTE_OPTION_YES
osmo1dgjxwxtu4ztccvpke9v3xtqwjfxyuemyxpl44p,False,645746623,0,VOTE_OPTION_YES
osmo1dtmusl9fx69qknvdzmyxra0a77wfxlxsr9323a,False,3750220000,0,VOTE_OPTION_YES
osmo1dtlh2ruun5lnyqjswlcn5w2el0xwn5nqatpwpv,False,133600000,0,VOTE_OPTION_YES
osmo1ddcf8prazvw22sm9gd98gau7jhwxhdqp8d0fcc,False,40098018,0,VOTE_OPTION_YES
osmo1dd6x6c9kpjsh67vvngnc3j89cqmk8qswpsaxe8,False,250000000,0,VOTE_OPTION_ABSTAIN
osmo1d0new9u2f80rcmmlw0zftxeh0385c2gwg3hr0t,False,40717000000,0,VOTE_OPTION_YES
osmo1d0hk2gflp7hsejy4t2a750g34w2m9nelge0u68,False,1921160000,0,VOTE_OPTION_YES
osmo1d0acd2lkcgmck0pjsjk0hj0vqzq66g28k455gc,False,359808335,0,VOTE_OPTION_YES
osmo1dsjmq4rjpqfemhth3yn93fve99zaz7e4agvz79,False,200000,0,VOTE_OPTION_YES
osmo1d4pn8f3q5dn0g4uwr2egh5mgzrnf7fhhwxrltj,True,1312042069,406603794317,VOTE_OPTION_YES
osmo1d4326nfkxuglcjdl9kn86xfaked5txwek7ut4z,False,3600122417,0,VOTE_OPTION_YES
osmo1dhwc73cg89f05wn8e49yc4nnr39ymn07yw7756,False,1000000000,0,VOTE_OPTION_YES
osmo1dhjqnf7ej34553skevc8jlykk3dzaaxk3fmx4p,False,1860342000,0,VOTE_OPTION_ABSTAIN
osmo1dcr2sh4vtnzrqef2t6x39yu3u0uwxj9zqc7ru5,False,60000000,0,VOTE_OPTION_YES
osmo1d68fxmcklfs72r6eylg3f7f5fa55y06v5r78y0,False,28000000,0,VOTE_OPTION_YES
osmo1d6tdtvlqy9ds56w9cmxf62dhv9fq9h80fs9pj3,False,1000000,0,VOTE_OPTION_YES
osmo1dmn2hr5tzsmucez5y50q0gk4y83pj7lngge9mt,False,968883378,0,VOTE_OPTION_YES
osmo1dm5ycdhu8pjv0jg0rqdmrh4hm6pjagxmmqrnn0,False,223531219,0,VOTE_OPTION_YES
osmo1dm6lk4suhc09l7v8k808fqml64vul887phguzl,False,0,0,VOTE_OPTION_YES
osmo1dm7xjrlmlzj6cv4gey2dax2jf6hatex8k385xq,False,366000000,0,VOTE_OPTION_YES
osmo1dum8gt9nghns59wh6ymc4m3xnhwyaxmzjcdgnn,False,65000000,0,VOTE_OPTION_YES
osmo1da85gjhaupl8ae7ee66sw9zh585uu9j3hkd8un,False,262414804,0,VOTE_OPTION_ABSTAIN
osmo1d70ft5jj99q4em4peke5ythgcq0y9rjmzrvupl,False,355000000,0,VOTE_OPTION_YES
osmo1wpptcxmzjy8vzsr85k2ydfm0da2w2k2esaau6m,False,25000000,0,VOTE_OPTION_ABSTAIN
osmo1wycd8cnklxln0md6cztu72ke67guj6vfvux5ew,False,1000000,0,VOTE_OPTION_YES
osmo1w9pkvf5wwwmdshv35ftej0ssx7nzgqc6ykqth9,False,8520000,0,VOTE_OPTION_YES
osmo1w8g8ttkr2jcdkes86e3rfehg72d8amcasl0x9q,False,5000000000,0,VOTE_OPTION_YES
osmo1w8j3hjrzjmprj3w0273qq49qeuhcqgzr9dgegn,False,230000000,0,VOTE_OPTION_YES
osmo1wghlft0tlxv9mg9lxf39cx2ff78v3aq0tyc3s4,False,11057948015,0,VOTE_OPTION_YES
osmo1wgap9pumk6tzafs42946neufsd6f9ls0t8h4yu,False,1347723039,0,VOTE_OPTION_YES
osmo1w2c6pjwkyymnecuqwkr3yz9cu7lcgs5ec9cxcz,False,300000000,0,VOTE_OPTION_YES
osmo1w2a4uqzvv05kcdlv5my747h9rrcy4m55wa9zsu,False,225000000,0,VOTE_OPTION_YES
osmo1wtrv5m4u3adhrhf9vlw45krfjuzqptqnqpsm5r,False,657478887,0,VOTE_OPTION_YES
osmo1wtv0kp6ydt03edd8kyr5arr4f3yc52vpundrta,True,15000000000,45001000000,VOTE_OPTION_YES
osmo1wvc7fnzflwq5gssprhdnvam69vhv2uuyunwexe,False,136656950,0,VOTE_OPTION_YES
osmo1wwa85yll3ct8ecpaxn4f0vl9fkgcrpc3wsryvs,False,19000000,0,VOTE_OPTION_YES
osmo1wsfr5hs9vrcuqkwnnmywz87jf7qy2mq00gw2wt,False,11570000,0,VOTE_OPTION_YES
osmo1wsjzg87e0tx7ngwesdjvt4md9kwhnz9gpmu6yd,False,207000000,0,VOTE_OPTION_YES
osmo1wsuvf5rt4ftr40axdq4m8dkwdtnefqfp9mt5f3,False,1000380000,0,VOTE_OPTION_YES
osmo1w3m47vguq5jmhrga6zmsfsta59zdfez8pdpjhd,False,10000000000,0,VOTE_OPTION_YES
osmo1wj204t7hz2anaffvnwvkvuyexclcejdepsj8e8,False,206898636,0,VOTE_OPTION_YES
osmo1wn4rg4attaazm72206m6mglnscfw8pcy5g08xd,False,87700000,0,VOTE_OPTION_YES
osmo1w5vn9e5wpnj8slcpmpz2f46u79c4wed3x3t2v0,False,0,0,VOTE_OPTION_YES
osmo1w5svr8h6lc5xckaz9vwcuqhwuvu5gxh5ucu50c,False,0,0,VOTE_OPTION_YES
osmo1wkyy3qv2pq9lpz4nu2qw8e24m4l5y23226p8yg,False,2579133764,0,VOTE_OPTION_YES
osmo1wkxgv793nte7s4ruwjpx65ke576m67cp5jhs85,False,58000000,0,VOTE_OPTION_YES
osmo1wk30uz6drwuz7vkjrml5jthn0c0m3yhdgc0vve,False,10000000000,0,VOTE_OPTION_YES
osmo1wke3ev9ja6rxsngld75r3vppcpet94xx50n4zt,True,1000000,88128404907,VOTE_OPTION_YES
osmo1wk7hnadvkuftfxdm8hjz38vtsq356tq3u07jkq,False,61250000,0,VOTE_OPTION_YES
osmo1whrhkrkpmz7c6y4qez088dseuvg6pm3x7hx6mt,False,10,0,VOTE_OPTION_YES
osmo1wht8gr6j6j0d7q3ue4pm5ys86h02ldrykzkj9h,False,400004801,0,VOTE_OPTION_YES
osmo1wczt52xzjewcmzqqqgv0qsch9x3hekpgytcf0a,False,25147558,0,VOTE_OPTION_YES
osmo1wczdgzkqgy0czxhnhnt5c4plftaarejflvyr5c,False,474000000,0,VOTE_OPTION_YES
osmo1wex4w038mdl6z6q5yt9m8rmduznhlkjg3luvmu,False,0,0,VOTE_OPTION_YES
osmo1wev8ptzj27aueu04wgvvl4gvurax6rj5p5lw4u,False,25000000,0,VOTE_OPTION_YES
osmo1wmpxekeka2z8z6h7k60t2tvdmqcj3eqfkmcyv5,False,13276381472,0,VOTE_OPTION_YES
osmo1wm8cj9mtzernlazyyh32spdjs2jla5l2k0ryk2,False,1400000000,0,VOTE_OPTION_YES
osmo1wugaztppaj0gm25rdtm53y2w5xhwqrd994xara,False,163308216,0,VOTE_OPTION_YES
osmo1wu2ey29mxexh94rfjkxwrq77u85tthzxahjt9c,False,25000000,0,VOTE_OPTION_YES
osmo1wut99p7j3mvpyzr390fetq82m8r35zh78xz5ys,False,1241523151,0,VOTE_OPTION_NO
osmo1wu47atmyzlun52vs2c6w8sgn34a85kxzhnsnxy,False,0,0,VOTE_OPTION_YES
osmo1wuu42t6ralj5t0ydvy2zn8vra5f93hpkrgh9v6,False,0,0,VOTE_OPTION_YES
osmo1wav9pnjeeq2e0fjgddlqv7pz2qctnge9upgk44,False,690100000,0,VOTE_OPTION_ABSTAIN
osmo1wawrqj7yzwazy88nffm3fgnwjg5ea6d9v72fh2,False,115000000,0,VOTE_OPTION_YES
osmo1wl3m2lyye3ay0d252urntdf4y4kq08excnm6yh,False,17670102,0,VOTE_OPTION_YES
osmo1wlclpa6r94mkzr0552ppag43d50nrxdh7u9j5r,False,10000000,0,VOTE_OPTION_YES
osmo10zseswd0le2aasvd8n0w6m86p69klh2h204572,False,80431000,0,VOTE_OPTION_YES
osmo10rrufpy7pu3wmrh95ah8pdrkd5jkk2w3wsxej3,False,0,0,VOTE_OPTION_YES
osmo10rdut36lnhsrudd3t4zqqgpvrmxam4leprsszg,False,9829000000,0,VOTE_OPTION_ABSTAIN
osmo109sj2varvep552c075yzx77cgnsqll9fyrf8rw,False,49034906,0,VOTE_OPTION_YES
osmo1083svrca4t350mphfv9x45wq9asrs60cq5yv9n,True,23429000000,336528231300,VOTE_OPTION_YES
osmo10gkcwjuhlh3dn9uw52h2yvktgz6g3ngxdhfnjj,False,740100000,0,VOTE_OPTION_YES
osmo10f0rlcrh4c79ajrn6shpf5px8f3uxwxwxq832m,False,0,0,VOTE_OPTION_YES
osmo10tgsx0xza7v4kaaw23cyglcpr27c86qryxga3z,False,1590000000,0,VOTE_OPTION_ABSTAIN
osmo10tmg9nl9m05savup0pu3pxggesyzzjmv486vc2,False,250000,0,VOTE_OPTION_YES
osmo10vps7ea8mejwl5vmhrve0jhtfnyapfvskndxje,False,7487453,0,VOTE_OPTION_YES
osmo10v28alfhslmnw7jmzwxl6pqxkffhwwmjytvx3h,False,4717405433,0,VOTE_OPTION_YES
osmo10vvdsmu84g37nfx9p8k898k3tqqs5kkcd7q4f4,False,2200000000,0,VOTE_OPTION_YES
osmo10dysnspwe2evl5wd3wwmat2rpujywn37c5gy9x,False,500000,0,VOTE_OPTION_YES
osmo10d6x5ug87q0eddp5a5cxj7qdpwtd940zkygawy,False,6500000,0,VOTE_OPTION_YES
osmo10sxe9z0xt5hjs78t0q60p0wzuhlzq5m6lcd63h,False,1010000000,0,VOTE_OPTION_YES
osmo10s0e22stqahsaj90djjpm6a4vuzl7tv8vqs59n,False,37289828,0,VOTE_OPTION_YES
osmo103x48ru93zwg4lt5k2sehghx37pum48r50wphh,False,0,0,VOTE_OPTION_YES
osmo10jy3m6dxkh609k28y3nsave8r3z2nwzhdrxrcq,False,365700000,0,VOTE_OPTION_YES
osmo10nx29k4rz8gt6zxhva82usmkthrsc03jzyd4nd,False,508500000,0,VOTE_OPTION_YES
osmo105l5r3rjtynn7lg362r2m9hkpfvmgmjtkglsn9,False,18980000000,0,VOTE_OPTION_YES
osmo104g8u70dj0hdt7dvejhum5rhk55kgmc5zt7y94,False,3025000000,0,VOTE_OPTION_YES
osmo104fq56d9attl4m709h7mgx9lwqklnh05vh6ru5,False,1277400000,0,VOTE_OPTION_YES
osmo10hr5azvwpzt5z4wuml4jm7vt3npr98skjqe4q3,False,0,0,VOTE_OPTION_YES
osmo10ulaydt3hxcrmx2hv0f0ctfkjdphxnzlnjpdvc,False,0,0,VOTE_OPTION_YES
osmo10ax5ksxlzp2zrkmt6jjjwprgyy2m8pw6dp9xmv,False,17000000,0,VOTE_OPTION_YES
osmo10ahh3k4czgrd6mdr6ak99srff4nkjepxyaydfu,False,426000000,0,VOTE_OPTION_YES
osmo10774eymrfgp4hfdnc50qp3afxsjgpv5x2vfs4f,False,0,0,VOTE_OPTION_YES
osmo1sqe7tld7g26al9t4plqxg9fqzjtq3s4vuwulqh,False,100000000,0,VOTE_OPTION_YES
osmo1spq8qzxns9asz64azsu2pt37pv8dqj4r63cxwz,False,800000000,0,VOTE_OPTION_YES
osmo1spktc4nyexjsg25c86400742cdeulexgcq4xr2,False,653078703,0,VOTE_OPTION_YES
osmo1szrvjjezqddzftmlkfg6uv4ytf8yuz3ewekhfv,False,14938035,0,VOTE_OPTION_YES
osmo1szdnf76c7v5w84ckl3up52jkun50a4ak5pv9p2,False,5000000,0,VOTE_OPTION_YES
osmo1sz7frgu4gx428af2ky3jkhqjn5snf4lw5e3fc3,False,1059773238,0,VOTE_OPTION_YES
osmo1sr7mqqft0v8atkjg2mhytyjurxd3yft4vh80qp,False,920000000,0,VOTE_OPTION_YES
osmo1sy8es8ep93q6edt7x95pfyrvzl960wyr24nqhn,False,0,0,VOTE_OPTION_YES
osmo1sydtmcs2mxc7xawmrjc093kl47psg7lyrwzvry,False,0,0,VOTE_OPTION_YES
osmo1sylvau65k7hfsaua4v8ms2dfd6850wnpf4ew5l,False,207000000,0,VOTE_OPTION_YES
osmo1s9hnn9p5ap80x9374mq38rxua7ruxqxtws4s9l,False,0,0,VOTE_OPTION_ABSTAIN
osmo1sxx9mszve0gaedz5ld7qdkjkfv8z992at4zn4x,True,1000000000,330675666507,VOTE_OPTION_YES
osmo1sxug4mcc8m9rpx2l3ygy4lpruk2khr5c5wcgv8,False,8172097790,0,VOTE_OPTION_YES
osmo1s8pn0xuedhth7evg2rv9jku5nlrx2nxarstt57,False,1957000000,0,VOTE_OPTION_YES
osmo1s8v33q97t3x3ssau9teqx45eja675f7tcrq3lv,False,200000,0,VOTE_OPTION_YES
osmo1sg8r7u5ddqkpha7qv52c6lu82ude88lyf2re46,False,2582502000,0,VOTE_OPTION_YES
osmo1sgvgwf0cd47ft6qlue0u8jvd3sc6xmkprt3qeh,False,564338621,0,VOTE_OPTION_YES
osmo1sg5eclxk9svey869xgz5etfpa9jnhrfh3yuplg,False,1000000000,0,VOTE_OPTION_YES
osmo1sfc34ujkys84eeqmegm7lle955y3edytg0dcmj,False,400000000,0,VOTE_OPTION_YES
osmo1s2hzdmgc8xqh3msgs720ytm3svvz4zpwk30l6w,False,0,0,VOTE_OPTION_YES
osmo1s2a7rckcky6jmhncxwy0xtwf2ymg87puaj4z2h,False,2670000000,0,VOTE_OPTION_YES
osmo1stqkafudwykj2vvy6nx7vnev27pd0a8340gdlz,False,5600000000,0,VOTE_OPTION_YES
osmo1st9y369mkl6ymwftzyms60s9j8l9243433g4ne,False,2612558700,0,VOTE_OPTION_YES
osmo1stese8vlkxteyuv26v094vz6jmsxgtz9wuyxls,False,2741590462,0,VOTE_OPTION_YES
osmo1sv94kscrse7dxztfls3l6s2gl8ggafpghexxvv,False,2520000000,0,VOTE_OPTION_YES
osmo1sdf80g92at333j0r3hfh3ksuqgpg4f07v3ea34,False,12600000000,0,VOTE_OPTION_YES
osmo1swz8yzce6gray29j25y0hjy6rn286drtl5kjsm,False,857562300,0,VOTE_OPTION_YES
osmo1swygt7eflylmr2qlqcvf0tgsvt9qdugupd7f0v,False,0,0,VOTE_OPTION_YES
osmo1swxrvqjycece2zg6475rhaz3k4mr3smfk02twr,False,400000000,0,VOTE_OPTION_YES
osmo1s08hk6wlp8eu0wl4v9pvkwkx8azjfd89rlx036,False,1630461354,0,VOTE_OPTION_YES
osmo1ssmeg0jhyr57kwjlt508lgz8jeqsfx85qfwcyp,False,1247000000,0,VOTE_OPTION_YES
osmo1ssanfu7czpyw64ypruj6aqmmw666qfkuwkh29f,False,859000000,0,VOTE_OPTION_YES
osmo1s3y5g0nctfv6zvlwnw45gtk222x3ya2p64dd6x,False,230000000,0,VOTE_OPTION_YES
osmo1s3xq4zq7w3tl2knr9c2demg3v00zwnzecsg88j,False,30000000,0,VOTE_OPTION_NO
osmo1s33zct2zhhaf60x4a90cpe9yquw99jj0usrvs9,True,7537000000,96941876579,VOTE_OPTION_YES
osmo1sjryw2jwv4pv3clv6xr4u8prh4u9we34hq98ty,False,840000000,0,VOTE_OPTION_YES
osmo1sj4jvprpndhe4295ghffe7rfn06jln8ehsml7j,False,384996657,0,VOTE_OPTION_YES
osmo1snywdzz8p4ry87wrx8vs9z3lcpmnvnklff9p6v,False,5000000,0,VOTE_OPTION_YES
osmo1snwwj206qxah9263wkg84q2383u0xc9fxvhv5j,False,630500000,0,VOTE_OPTION_YES
osmo1s595c007x8st03d6vcp252svxtfstc9ace0gkg,False,26830000,0,VOTE_OPTION_YES
osmo1s5l57pnek4xdaclqmy9ms6m37fuqexmyezlp9f,False,1835489349,0,VOTE_OPTION_YES
osmo1sk6fl7wrw79jcxx3tssm8l4ur28r2m84ejux2l,False,15600000,0,VOTE_OPTION_YES
osmo1shtzxx5aqqdd68jzfwwuhg80mh0k9h5j9ng8al,False,486124215,0,VOTE_OPTION_YES
osmo1shjnj549dl66a0xfv8kh6me064f0fp0usvyxg2,False,2000000,0,VOTE_OPTION_YES
osmo1ses4klpgxxkwk30c6xh8p4gvtptdkcy2u6j4qc,False,320729,0,VOTE_OPTION_YES
osmo1s6f8hkd7y3u7y44u9wkhjap6j69jtf77cw2c8c,False,1912500000,0,VOTE_OPTION_YES
osmo1s67dxfqx2wnhjpd4w27dw9cn734fa4l00vm8nh,False,4269098,0,VOTE_OPTION_YES
osmo1smfzt25ax563c0s2wgmcmt3g67d09t4mae9qh5,False,4113000000,0,VOTE_OPTION_YES
osmo1sm6v43lughaz6h0d09qqnwqxynnsxygcy3d8qt,False,351139300,0,VOTE_OPTION_YES
osmo1su6rwdylvl7j8phq2fs8er6wz8yzccayy5cj7k,False,10000000,0,VOTE_OPTION_YES
osmo1sa300w3nqn690vrwglyej6qp5p89w6dwrfl3ml,False,0,0,VOTE_OPTION_YES
osmo1s7gu3a88cvluc82jgk6p9h4cfc9l6yfej2xg6p,False,100000000,0,VOTE_OPTION_YES
osmo13ql5gnxtayvzzy9unyjkx3yy6lg693x9g4nyh8,False,611180000,0,VOTE_OPTION_YES
osmo13pw2eflhygv2rll337fze6m24gu04h58we28q2,False,1090000000,0,VOTE_OPTION_YES
osmo13p7dw2my5904cgxa7pr8fhpdq3uhwkzupvwkdc,False,0,0,VOTE_OPTION_YES
osmo13zvrzx4jllv7vyc3e4nfq02qlxjy0z60hq79v0,False,1705000000,0,VOTE_OPTION_NO
osmo13rjet9eucsezer5yuqsgzkzpq30rz7hce8vqvk,False,75000000,0,VOTE_OPTION_YES
osmo13ye4czwvptppx7makqrt578y4tcxg3l2j7rmvm,False,501000000,0,VOTE_OPTION_YES
osmo13959x7zm49jaeyrfeltjkwz8adu8p0r08sx627,False,5977000000,0,VOTE_OPTION_YES
osmo13fwh3de7rsj6ns39x2uer2h820wq7czykksn2p,False,0,0,VOTE_OPTION_YES
osmo132fvnawurft6pwazgjxkct3ar950nsptwrg9kz,False,20000000,0,VOTE_OPTION_YES
osmo132cd92yp6vmmqrt6vsp02yglecfjuk0hledqf7,False,5000000,0,VOTE_OPTION_YES
osmo132um3asx6kvyjvt0rrtf9v0nv6cqk0j9pd4ta3,False,7700000,0,VOTE_OPTION_ABSTAIN
osmo13tk45jkxgf7w0nxquup3suwaz2tx483xrsefl7,True,210000000,73459580710,VOTE_OPTION_YES
osmo13vwzpmmada8aangxtjyfschf04fh7mfj209m80,False,2037166800,0,VOTE_OPTION_YES
osmo13ddkn075wv8x6lnpdvcvnj7vwgn8276qrulsh4,False,2707219800,0,VOTE_OPTION_YES
osmo13w622psclveyzn0zfk4l2ypvkfmyt20w33nh20,False,28901970,0,VOTE_OPTION_YES
osmo130lcj6xtxm3tej7z3dnr5pv5uaauxqgj2ef7c6,False,10000000,0,VOTE_OPTION_YES
osmo13stzqk27y46cr8fz7vfr8dsqqk4wpz90fqmc23,False,169869472687,0,VOTE_OPTION_ABSTAIN
osmo13shd9qcuycllwwfplzy5sagvjw3dn5vkchma9h,False,0,0,VOTE_OPTION_YES
osmo13sc66ae36a8m6zcqyg8h63t9syjeg5a7shzr6w,False,100000,0,VOTE_OPTION_YES
osmo133vndxa3ejdjh7utrkmaterq4hfcng0he8gafd,False,350532177,0,VOTE_OPTION_NO
osmo133va8vgy0ygfjmvzy64pgay5w6lg4239f2qdy3,True,721470825,27764361266,VOTE_OPTION_YES
osmo13306hrp8e9y9z8lv5h2eccupffj8kw95hwx292,False,1718296067,0,VOTE_OPTION_YES
osmo13jryjprtxvny9ka0zmv4qv478p0a7chjyxgujc,False,105000000,0,VOTE_OPTION_YES
osmo13nnp438pzfcehqdf4kuguwq6h5q8phatffsv60,False,30000800000,0,VOTE_OPTION_YES
osmo135wc8y5kemwt7slvhkuy76hh9lx857ddun92n0,False,6662259,0,VOTE_OPTION_YES
osmo135up9j7jnsk79cjhz9s0wkss7xtg2pka7lpvfm,False,2218157399,0,VOTE_OPTION_YES
osmo134c3cg4m9mhak7d4q936etvmm6w8wsp2yre9w5,False,13000000,0,VOTE_OPTION_YES
osmo134ultcrapjnu8nxttt5rlc05tgeex2jau6lcfn,False,500000000,0,VOTE_OPTION_YES
osmo13cx7dxuky5pvytgtpf047hr4unm3hvm93eqd47,False,1326000000,0,VOTE_OPTION_YES
osmo13cspfrtv57ls22rdan7knymskwennsjacua90q,False,4820000000,0,VOTE_OPTION_YES
osmo136x50uj9qlp632hmufd0qeda34j2zwn2w7rc2v,False,654850477,0,VOTE_OPTION_YES
osmo13mdcl758ve9lyh6vwz7m9707356snth4arh8dy,False,504775259,0,VOTE_OPTION_YES
osmo13mm0ua6c20f8jup3q2g0uuw2k5n54cgkv6qd04,False,131700000,0,VOTE_OPTION_ABSTAIN
osmo13acu2gmykq658hht7x7hafhrcjlpkcrynse5uq,False,2425000000,0,VOTE_OPTION_YES
osmo137w4ch2pv5csf93zvfwxw7plu8enflhzrtj2x8,False,100923206,0,VOTE_OPTION_YES
osmo1370fn26kj4r7780clfsuqxg5xrw2jf66e3gda4,False,2364130048,0,VOTE_OPTION_YES
osmo137uqhz0u6h0zpn3w5rmhtr98d4m80hf9jqd32j,False,1419000000,0,VOTE_OPTION_YES
osmo13l5pwylwg9w8jh4a4gr50nt359u4ylkcuzndpy,False,13177000000,0,VOTE_OPTION_YES
osmo1jqpl37rn8xv63apsw47u05evp9g9p34g7elemg,False,10443000000,0,VOTE_OPTION_YES
osmo1jqe4h6gu68drc859s8dtlt45k9rp2al58pw27u,False,1043308030,0,VOTE_OPTION_YES
osmo1jpggy58kpr950lg0sfcqpwwpshr9gqnageacfj,False,0,0,VOTE_OPTION_YES
osmo1jpm5amugqhyrl5y036f3h8cev3vrldunaqe79s,False,213000000,0,VOTE_OPTION_YES
osmo1jz0hv5esyf2rym02gfclzn9v0lfdjshra8w8zv,False,5000000,0,VOTE_OPTION_YES
osmo1jy3ygr6kldcyqcr2yk9z5hen5lgj5827v6nx3j,False,2974323200,0,VOTE_OPTION_YES
osmo1j9vwmtdkg2q9l94hvcmpen2pk72mptre6uelfv,False,415625125,0,VOTE_OPTION_ABSTAIN
osmo1j94xml4rph5q7mg2l0d3z7673g2qux4hze4zer,False,774000773,0,VOTE_OPTION_YES
osmo1jxpztalf3skjftyrlf3tpd3c94g2nqkanr7c3a,False,2501000000,0,VOTE_OPTION_YES
osmo1jxzk29cfxrunzxgrze4ppxn5yuvsx8vrxprk9g,False,380477044,0,VOTE_OPTION_YES
osmo1jx77zxnenw4ykclcqf9p7rsuz24l32c42ln97a,False,10912450,0,VOTE_OPTION_YES
osmo1j8j2jf9gkaq6k36atyy7srquewf27znsmj4d7h,False,10000000,0,VOTE_OPTION_YES
osmo1jfgztmn53w7w63dgkpdr8q4jq0ljppmyswue03,False,266240091,0,VOTE_OPTION_YES
osmo1jfnxsz5lh6wcqc7j9y70g2hvapmvr5c6n5kau7,False,11672813909,0,VOTE_OPTION_YES
osmo1j2rad9qfxfqnahghdhh7nvnuwt3eh4s4r7tw4e,False,422063055,0,VOTE_OPTION_YES
osmo1j28m906upylzey4rghxs4ytww40tsewjns6t5s,False,30000600000,0,VOTE_OPTION_YES
osmo1jt59wglrqhmw08y9appg7cmwxkzu3mddh67vuz,False,7165437,0,VOTE_OPTION_YES
osmo1jtem8zmupyky7ckle49s00twupmzf37j0fqvu0,False,65597755,0,VOTE_OPTION_YES
osmo1jvq86nt8vkxvevznzw6lyme9q3ahzdf9je2lax,False,68895304,0,VOTE_OPTION_YES
osmo1jddlhv9kprfvuztqsesy3xcec2h67wwv4uepn6,False,100000000,0,VOTE_OPTION_YES
osmo1jw2cxrdtw400jed2n6ultxexd9qhmjqzgdfazs,False,867000000,0,VOTE_OPTION_YES
osmo1j0yd66z8cestmequhfc06853a33du7p9dj6jgf,False,515000000,0,VOTE_OPTION_YES
osmo1jsh6v8050lz2n9fsxru6tswqqjpjp95usct8rp,False,1929400000,0,VOTE_OPTION_YES
osmo1j3z2lah8c4ppfez9029224a7aptmt62600w99f,False,7225272083,0,VOTE_OPTION_YES
osmo1j3r03dpsv7v0hrgtnxxmnvnf94h2zwu6rtacup,False,29088700000,0,VOTE_OPTION_YES
osmo1j378a22ufq9r4md3dqyxa7g9m3qeqwqmd6hlm8,False,1500000,0,VOTE_OPTION_YES
osmo1jjqz6w6r657rdmf8s6xmyavzmdzp33gkkqnyx9,False,742000000,0,VOTE_OPTION_YES
osmo1jnpevf3zg3wc3vyqssxu96lz899g00skk60rtg,False,6000000000,0,VOTE_OPTION_YES
osmo1jnshptet6chflna8aha2rk90230lylst3fuy4s,False,6678581262,0,VOTE_OPTION_YES
osmo1jnmy279u8hsddkkeyxsr0cst6vztlwvqy9e69j,False,0,0,VOTE_OPTION_NO_WITH_VETO
osmo1j5z473jelsax74ht74vxfng2jhc0hvrkkt25xs,False,0,0,VOTE_OPTION_YES
osmo1j5n75yls5aun28eu02w2hdthmtx29pveclwl79,False,27036000000,0,VOTE_OPTION_YES
osmo1jkz06rn3r5l3qrvf9a83drvqsx0v6taset89wz,False,18000000,0,VOTE_OPTION_YES
osmo1jk3kdk6xjyanllfq26n3szu3c663tr5h3gue0c,False,6463102960,0,VOTE_OPTION_YES
osmo1jkl7tkgaq5vky4dhafyrvqzjtxhtcvj7zvla6n,False,156000000,0,VOTE_OPTION_YES
osmo1jhd5q4d6v5z3ml5qeprpu4dgk2p9f609z9f0yc,False,500000,0,VOTE_OPTION_YES
osmo1j684gzyusy2k4t60fu4yh0mgg7mxcfwk64pk3r,False,0,0,VOTE_OPTION_YES
osmo1j60tel3xx80etrj3a67z726rkstd0w0l067gu4,False,3160852000,0,VOTE_OPTION_YES
osmo1jmcqdyh9auemdr35xnqsywpagd9ty3yxqqgh55,False,14324561,0,VOTE_OPTION_YES
osmo1ja0u0tgykhy0atcwfdgj56lg24hu292ly5rlx6,False,159000000,0,VOTE_OPTION_YES
osmo1jahu9ep37yujpcwmcp4ckq39mu8sy8gv5he8pm,False,0,0,VOTE_OPTION_YES
osmo1j7jgfxwvh5wztj3zdmhhprch32afa66stq99nt,False,128000000,0,VOTE_OPTION_YES
osmo1j7euyj85fv2jugejrktj540emh9353ltf48uml,True,10000008,86290946998,VOTE_OPTION_YES
osmo1npquw5czg704mu9d7sgdv07rrmsmgzns8rrrlg,False,233000000,0,VOTE_OPTION_YES
osmo1nrnmw9qqgslj2qgxw3qvfhc4zxf3t4qnh8lflt,False,36000000,0,VOTE_OPTION_NO
osmo1n9nahhe4jr569gx2z2yhy0595hcg0dpj452wmk,False,1155000000,0,VOTE_OPTION_YES
osmo1n8j9xve22sh5arf2kfdtdde46udztadalmr7c2,False,3000000000,0,VOTE_OPTION_YES
osmo1nffxrer06tgkzlhzdxtz7efrqf0ykufrf7xehh,False,1010000000,0,VOTE_OPTION_YES
osmo1nfsj44yflxk9apd5fwu4epqc858ymxtu388cht,False,202000000,0,VOTE_OPTION_YES
osmo1n2vndje0ktvz6nzmxruckhrdvvet4qr9y56n77,False,0,0,VOTE_OPTION_YES
osmo1n26jpdn0nftc3rqh647d8mtwle5cndqgft7843,False,20000000,0,VOTE_OPTION_YES
osmo1nvh0wusysf89lzqtwcges7wq59pkhnm533kz6w,False,17484288,0,VOTE_OPTION_YES
osmo1nd609tq2cg24ns6aqjwd9zn38ufpw7pufy6w2l,False,1500000,0,VOTE_OPTION_YES
osmo1nwgnp265hlxv5zsctkgqf99zuzdqhntfj25wcf,False,600000,0,VOTE_OPTION_YES
osmo1nw2na90vwjghd3fz7tcrvr49lzy3s9h6j4hv8j,False,0,0,VOTE_OPTION_YES
osmo1nwa2ts9tkazvn0jr8vhq9crxtaqgp4glnq73qg,False,8788470000,0,VOTE_OPTION_YES
osmo1n0yex58ac5nnnawx5cjzs0k6rtyutx8flw2s3q,False,530000000,0,VOTE_OPTION_YES
osmo1n3kr40wrtzpuwe8u8rxqkk6zrwdt5368k060fj,False,0,0,VOTE_OPTION_YES
osmo1n3mhyp9fvcmuu8l0q8qvjy07x0rql8q4hx70uh,True,4052000000,4270753885467,VOTE_OPTION_YES
osmo1nndezuw9hlz2j2x3rg2hzuuwt6gq97tmn0mhu2,False,3166735462,0,VOTE_OPTION_YES
osmo1nnjm0sjhr8xj0jgdxhgz64s0ks2gd5kkdckd46,False,282000000,0,VOTE_OPTION_YES
osmo1nn7pupn0s9zunrtfuttmg63jpdy2wzlt9lmdhp,False,753400000,0,VOTE_OPTION_ABSTAIN
osmo1n5qc5ls7ppjteu9wg6h6hyw2ppv5tqqakcdv3f,False,1194160000,0,VOTE_OPTION_YES
osmo1n5pkd40zgtaax0yh3ragg4l7lad73u2guagqxc,False,68100,0,VOTE_OPTION_YES
osmo1n4yenfc3h644wvt67njsurnkzwtsz34l7whx5l,False,4526000,0,VOTE_OPTION_YES
osmo1n4a7szqm4gu0xegntwy245fjq8tlfh4vaxkzye,False,105000000,0,VOTE_OPTION_YES
osmo1ne82x68h2pvze3tftmyzz7dpx4wknr0guxpjc4,False,5375000000,0,VOTE_OPTION_YES
osmo1n6kqrlmdhenstppxuaemczplnex0cyk924j49z,False,298510000000,0,VOTE_OPTION_YES
osmo1nmth49ksug5ucxw4827q0l54tj75rleyye89lm,False,7500000,0,VOTE_OPTION_YES
osmo1nm50zycnm9yf33rv8n6lpks24usxzahkll6z34,False,27500000000,0,VOTE_OPTION_YES
osmo1nunaj7htttrwaqvwtfukc4n4c4t5gs2ntsy8mn,False,0,0,VOTE_OPTION_YES
osmo1nad76mknmvytae6uk06uq2zr7nzlkvjjskx43l,False,250559865,0,VOTE_OPTION_YES
osmo1na45quuuzuv5xtzl5qqp9zep9rkluqykszgrul,False,8030000000,0,VOTE_OPTION_YES
osmo1nlcs5fj58eg4xhz6d3j8aj2wlflt0hv3pakz2l,False,2155145130,0,VOTE_OPTION_YES
osmo15ppfzwq4aq0qkf56f5c9ua8np8hppn874hhqgk,False,39000000,0,VOTE_OPTION_YES
osmo15pv2wyqmpramn6sjtdty28t2qs2p5zy7k97rvx,False,94200000,0,VOTE_OPTION_YES
osmo15ru5chmpm98cdzzrckyvf3slzxy6uuvw8zw9ea,False,833630000,0,VOTE_OPTION_YES
osmo15y6p7pv5du3k5qfg5y6v8kuaze6xlmatmu76f3,False,640000,0,VOTE_OPTION_YES
osmo15x9lda4m8nkregw4y9kuuzggsyqtcpjh53nf46,False,2590836794,0,VOTE_OPTION_YES
osmo15xjn94j7s94hxmdd3ucffmwehap0jnulvmr0e7,False,1106000000,0,VOTE_OPTION_YES
osmo158kqts9q4npa74fkae46dd79wyw54hx8mnrwye,False,287249192,0,VOTE_OPTION_YES
osmo15ggh9jsvsglknlrt7tq0udc5ae794cuhamh3up,False,93497192,0,VOTE_OPTION_YES
osmo15g5k2gxml9z5x02udd4rr4hvssxv5n8lu2tt9l,False,5329000,0,VOTE_OPTION_YES
osmo15f66wguxed3udfkymsca4rd2dm8amdngq23cm2,False,490959,0,VOTE_OPTION_NO
osmo15tgdsn4te5rv3jtxk240lqz5n726029m3fwlyh,False,1522445641,0,VOTE_OPTION_YES
osmo15t6d6dj89aap55a5uzsefqukd2hajspc4z8m7f,False,0,0,VOTE_OPTION_YES
osmo15tu9ufk6ndp3nqqm7uevsv09t3qufsveea9wcc,False,1000000000,0,VOTE_OPTION_YES
osmo15vrulyt0gw8h55su80dkfscus5lcjp32p57jv4,False,430000000,0,VOTE_OPTION_YES
osmo15vsw9y0zj0fkapdazq2n90ut7t5x8eesp2szqk,False,0,0,VOTE_OPTION_YES
osmo15vm0jnwuvy2j4zrr254g8qrfwcv3wcr3dgwdld,False,510000000,0,VOTE_OPTION_YES
osmo15dsht5spjvugy60wn2qkkxku5ld5tqy5due64l,False,1000000,0,VOTE_OPTION_YES
osmo15dnssahywuu9ygl0l3q2az9jmhx00pg9kuw3er,False,535000000,0,VOTE_OPTION_YES
osmo15sfx9qfccwrnfp342dh2w8wx2jvfrln4f4aq7n,False,150000000,0,VOTE_OPTION_YES
osmo153u9yg4mu36s9mg2xcka4wvn70emy69vv3cprp,False,0,0,VOTE_OPTION_YES
osmo153l8ng6puwut2kcjj74fk5wx34jaktcks7fsmz,False,20530000,0,VOTE_OPTION_YES
osmo15njsc4lap2h94xum2xatf9xmex4088u96rg36h,False,6000000000,0,VOTE_OPTION_YES
osmo15nkzr5ckj8la4xws47s0rnc6n4ltp6y7ruap83,False,82693951,0,VOTE_OPTION_YES
osmo155pfq2dd9z9vz6nttdlcf973a5ekl46h8jd6d4,False,236757188,0,VOTE_OPTION_YES
osmo155kkgk8s7tr0skw0lfmtrjtyz2rh0pwh6z43c4,False,500000000,0,VOTE_OPTION_YES
osmo155e6p8skr5wdzpxgjhvr9twjqfu43xm3yd68x7,False,146300000,0,VOTE_OPTION_YES
osmo15ksc87dnww9gvqn4lwe0jqwk028wf6fnu25rxu,False,62000000,0,VOTE_OPTION_YES
osmo15hr8c7wv92d7wllksy06wkz4d5x6826vptya72,False,865190000,0,VOTE_OPTION_YES
osmo15h9vj37xkqhct0a78l9k3gyqfuryv078ns7yad,False,0,0,VOTE_OPTION_YES
osmo15cgm9a5km23j798tx7q8cg7mnndtzgcngsfyj3,False,0,0,VOTE_OPTION_YES
osmo15eu6lym326mmcdu6nmtdmx4qntwh2ewuzuyzvn,False,406346613,0,VOTE_OPTION_YES
osmo15628n3l2a8f89s5vr5q3zxy97x3as77wmt4zez,False,3300000000,0,VOTE_OPTION_YES
osmo1562ssz9atlgftdtgk2e8yxqhmhycedyjd4kl8p,False,3300000,0,VOTE_OPTION_YES
osmo15m0ecmh7mplgqjlwmdxqyd56482zd47lkmc3uk,False,84700000,0,VOTE_OPTION_YES
osmo15axchpn3yarrt59ykn2r5sh8qdwmrwty4d948d,False,1500000000,0,VOTE_OPTION_YES
osmo14q809c4fhnvqktpeef4nz8lk7hgsqxwj2u5x0k,False,4779500000,0,VOTE_OPTION_YES
osmo14qc4rmffuymfm0l6pzyzn6emw9g348acq89px8,False,3342375,0,VOTE_OPTION_YES
osmo14pnd9hkf69mtnan34e7rz4sucx8jn2en4ptgne,False,5031700000,0,VOTE_OPTION_YES
osmo14rtdgk97xevfl8e2m0lnwrum34gy645k7cvn89,False,157971563,0,VOTE_OPTION_YES
osmo14rt5w9u8xn8ty8axa4k5m9g64x8qsedr8pytnp,False,3685231800,0,VOTE_OPTION_YES
osmo149xu30eqnu5kfl207razavtgtgl6dgxdrfrerh,False,2545980600,0,VOTE_OPTION_YES
osmo149g2tl9xakprzs5f854ntu5fthdgmuqddx7l7p,False,44889000000,0,VOTE_OPTION_YES
osmo14xzmvz26n2qcckm8zjxnjv59dps2j5l0qjd266,False,1461044452,0,VOTE_OPTION_YES
osmo14xf75twlsmk98zry99z7c9q4j04k0dgtu6y7k5,False,0,0,VOTE_OPTION_YES
osmo14fkasyjef958s62q4r5eua80yg83tgpn9fd0mw,False,1500000,0,VOTE_OPTION_YES
osmo142t7mzhvxd9aa29g8r9hqx6j2c8v7q3zhqjda2,False,381429000,0,VOTE_OPTION_NO
osmo14tfct2avejv3fyv9z0jvrze48ufa53pft2359u,False,300000000,0,VOTE_OPTION_YES
osmo14ts7emvt37l40szcfc5tn4l68kar7pj3zdkshe,False,0,0,VOTE_OPTION_YES
osmo14vr8cn7sffvu507m2vzwrwtvg08rq7c7kztam2,False,3075517793,0,VOTE_OPTION_YES
osmo14d4mek8tj5uef7gxpg6lp3ur6f5j3ka83ta4c2,False,696967934,0,VOTE_OPTION_YES
osmo140nkcxuxz35xf64mtw3kqlcecvdp9lj5nq8x7e,False,500000000,0,VOTE_OPTION_YES
osmo1404zxd8qq40wgv2hrzsxak82f9phydeyds9fzv,False,11500000000,0,VOTE_OPTION_YES
osmo14s74qe0ualknh060ywjk9zyljcmsc8h36xtm5c,False,306000000,0,VOTE_OPTION_YES
osmo145z3uam0xe49se73fg22f8ctk909d424zj5jjx,False,0,0,VOTE_OPTION_YES
osmo144gtmjt0je98yrn9wdsauf4gruzl6meq6hf4c3,False,719150000,0,VOTE_OPTION_YES
osmo144t874ylvqte30h4fx7nj7hu2cg9x9yrrn5pp3,False,5000368482,0,VOTE_OPTION_YES
osmo1440cv4ct6f2ttyl6840hffugvrg56xw7ulsd56,False,10102658,0,VOTE_OPTION_YES
osmo14kn0kk33szpwus9nh8n87fjel8djx0y0nqr7pn,True,30317975628,396825467539,VOTE_OPTION_YES
osmo14hxnv0zuyz5jt9kmajwj6nf9r8tx6qnr9eny7r,False,392920000,0,VOTE_OPTION_YES
osmo14cn56z5lsm5yly5x8qew5r7k94dchy6gf48upg,False,1785762208,0,VOTE_OPTION_YES
osmo14e8hx0g7v6lntjqnf055mu5qvp82g8txp2hqvx,False,0,0,VOTE_OPTION_YES
osmo146dsg2xxlfgvkmxe7h7je39d3f6yn733xdle7j,False,11954000000,0,VOTE_OPTION_YES
osmo14ak5ymjhqwh0gwma0ctglm78junlyp33tg2tgt,False,3300000,0,VOTE_OPTION_YES
osmo14amduhjazqhwtkhm6kutdcy4ux5zazf5vs8ju8,True,100000000,118418788301,VOTE_OPTION_YES
osmo14lrx5s0za6xlzt0rpxf5yqs002xwdcm7v9830s,False,21500000,0,VOTE_OPTION_YES
osmo14lskljerzdrw0xe7e3p9t4n3xfgrm2arvqtu67,False,253054230,0,VOTE_OPTION_YES
osmo1kqtu5swvgzqqe6es7l6sj82swg7g37l5sw8f2t,False,535000000,0,VOTE_OPTION_NO
osmo1kqh8fjrpj2cqmunfx7fmz0rxfyx06l3f030w2x,False,127220000,0,VOTE_OPTION_YES
osmo1kp5meta5l2nq7drz0dkmzf882w2yl8rl76x23t,False,0,0,VOTE_OPTION_YES
osmo1krfmhqvfzmxex5uw5atjwfs9xpqel6hvgxpxje,False,11300000000,0,VOTE_OPTION_YES
osmo1kr22pmwls4mkm5449cgtfw9qv6f9hq3txxfw2r,False,19170000,0,VOTE_OPTION_YES
osmo1krhqzttr824dm3zus8fvy79sefxe78k90mptht,False,2233882240,0,VOTE_OPTION_YES
osmo1k90mszw2rdj5m9hldlmvylk80p629vfl0faghu,False,26837800,0,VOTE_OPTION_YES
osmo1kx02jwsul38ydx0luc2xkjelyvez49tydnl6p0,False,9856000000,0,VOTE_OPTION_NO
osmo1kg99k8wd67r0ffxwavgnxup7yk46rvttthn5gl,False,46500000000,0,VOTE_OPTION_YES
osmo1kfc5gyquzwug4hg9ykeavauwpc2j5q0cejp4aa,False,2683514600,0,VOTE_OPTION_YES
osmo1kt9jj3prey8c7hfd22vv73wes3q4tscnx6hp4a,False,508500000,0,VOTE_OPTION_YES
osmo1ktvnuysk4lz0westx7wg9q6rggz8e59zpqhnr0,False,3387518501,0,VOTE_OPTION_YES
osmo1ktecz4dr56j9tsfh7nwg8s9suvhfu70qfesew3,False,3570000000,0,VOTE_OPTION_YES
osmo1kvutzufgemkhd2rr58rgcp6zh0jukktksalfnh,False,300000000,0,VOTE_OPTION_NO
osmo1kd6u82y28aegc4srwhqxk4htwgc8xhufrfz9yp,False,437901415,0,VOTE_OPTION_YES
osmo1kwz52f2p5xzlmxf33l4lq658zu5vg78vx2y7v4,False,0,0,VOTE_OPTION_NO
osmo1kwrmhsvzxz8x5er3a359aw33pc9a5gu9rgp82r,False,0,0,VOTE_OPTION_YES
osmo1k0g7hacqf25ahx75x3p0dqsch73xk4mejdq3k6,False,255261885,0,VOTE_OPTION_YES
osmo1k5sv8fypeetuu35g4lv9gmx08t8vk0r3cmmmqk,False,2289538497,0,VOTE_OPTION_YES
osmo1k55t4yljf2g9jtewn02w6tuyhgav6fa33lxzqh,False,0,0,VOTE_OPTION_YES
osmo1k49luuv6a09542hxyz7e964zz46ka5jt0at8d2,False,1148600000,0,VOTE_OPTION_YES
osmo1khq7neq8ct3sd3qa0xjs08zqlhrzrj8rv8dtdg,False,1826061499,0,VOTE_OPTION_YES
osmo1khvg3ey7cc7qa5gmglhzgse8qgqf93z03r29xx,False,17380000,0,VOTE_OPTION_YES
osmo1kcvr7fuf0qfupmzjdzvmdyz0zqgqvfng6c5vqs,False,421428519,0,VOTE_OPTION_YES
osmo1kelu2qp9nkgzptzhp8nh4m3h4zsxfky88y7yjt,False,1864180000,0,VOTE_OPTION_YES
osmo1k6fv2msgsl5j2tctf0lcjcmmhqz2g5gaj2d2e5,False,0,0,VOTE_OPTION_YES
osmo1k6hptmalvt3w602d6a70eggvxjek4t707zpgtn,False,1474000000,0,VOTE_OPTION_YES
osmo1k6uxdd37tclwkp962kpdvtclqmvv0d4jqq63gu,False,154000000,0,VOTE_OPTION_YES
osmo1kmr894kkp3pr9qns65z85ncgs92mddyc8z5sz3,False,196300000,0,VOTE_OPTION_YES
osmo1kuc4tng8qgvkgv43plqdjq2xt9ch0qd5gjmz8w,False,0,0,VOTE_OPTION_YES
osmo1kafta3ymwg3d4wk67hd7qr8lkpvdeh5q0c40t6,False,430291825,0,VOTE_OPTION_YES
osmo1kav8pmcwpt93wyx5l5ykqkgq6qsq6d5u5gk93q,False,2000000,0,VOTE_OPTION_ABSTAIN
osmo1k7eh9ngcmwz5rq9cz0c9nwwwaagpfzfmvr7pv7,False,3318624,0,VOTE_OPTION_YES
osmo1kld4apn7xxrdhzd3wm6htdszdse2evkdmptnrt,False,35000000,0,VOTE_OPTION_YES
osmo1hq8tlgq0kqz9e56532zghdhz7g8gtjymdltqer,False,7298000000,0,VOTE_OPTION_YES
osmo1hqwte6uqnuenh03uznqhazvyca5gmyn4us03kf,False,79100000,0,VOTE_OPTION_YES
osmo1hrjtw846eqqrxa5cvk2zye8qyapgcrnmpt67h2,False,4149054823,0,VOTE_OPTION_YES
osmo1hruemq3recacnk4k2pfj6vpuqay4awekq7zcun,False,506082795,0,VOTE_OPTION_YES
osmo1hyjhy0tp6geral2g9vj9nyteglf8t5q4pqwre8,False,2101000000,0,VOTE_OPTION_YES
osmo1h97g0vka07m3ntzr4s85xwpzpeszxp4h2x4kwj,False,1613700000,0,VOTE_OPTION_YES
osmo1hx5eeyjep4dwgckys9xx34akvtpy4ga3sjz2lk,False,280000000,0,VOTE_OPTION_YES
osmo1hx47s4gad3kjxdhw055ttfxwh2c9e7xtn6ejxs,False,0,0,VOTE_OPTION_YES
osmo1hg5xkmseze23e8w7mq0meycpypdtywpv7tlg28,False,52360000,0,VOTE_OPTION_YES
osmo1hf67k5gzs99jg5s2hluys373cqs79g90faurnc,False,15899679102,0,VOTE_OPTION_YES
osmo1h2c47vd943scjlfum6yc5frvu2l279lwgwfh6a,True,1000938163,139490234570,VOTE_OPTION_YES
osmo1hdzggu4gslhqk3zgy4v6uv5wcqwny9vp8u8kwh,False,6202191,0,VOTE_OPTION_YES
osmo1hdtyw00gkh4jl6alnatyerzwgqu49mauyqjktp,False,0,0,VOTE_OPTION_YES
osmo1hdh5xna5h5sp7djfxr4vu4qkf7w6psww05vs4q,False,10000000,0,VOTE_OPTION_YES
osmo1hw89arhsyfp982lwttamfnptxsfh4shynu9lz0,False,1500000,0,VOTE_OPTION_YES
osmo1h0qwpv0l2spu7h988dvh92q0v08gkkwsceegyr,False,955300000,0,VOTE_OPTION_YES
osmo1hsum24m93978hfa8hj5tht4r90v2t6puwvaqdf,False,881889288,0,VOTE_OPTION_YES
osmo1h35xrvws8e7yxecncv0qgvyquhcfemz8zwevjh,False,859000000,0,VOTE_OPTION_YES
osmo1hjct6q7npsspsg3dgvzk3sdf89spmlpfqua7lv,True,87891000000,2731330174966,VOTE_OPTION_YES
osmo1hjuhwywq754h0lakl0g7x00mvjqxf52nhrfzlc,False,362000000,0,VOTE_OPTION_ABSTAIN
osmo1hnjvzkp3x69can22y425sk45ds5czzpv3uugls,False,11415000000,0,VOTE_OPTION_YES
osmo1h4w509ewf0wh6m3d9fqyak9z45m9lrqsy5r63n,False,20000000,0,VOTE_OPTION_YES
osmo1hkthq04278pj5cqt7tsle4shs2hhlee4c7lguf,False,2101000000,0,VOTE_OPTION_YES
osmo1hh79nqcyexrgv9s6l96a884fjmlfy8zyk70yg5,False,20000000,0,VOTE_OPTION_YES
osmo1hcj67a0jfmy3pk4nth37zc2jntw5my53vgkxw6,False,38680773,0,VOTE_OPTION_YES
osmo1hcux4h7unl074qf94u52llhd5m73ld9g76sv2t,False,442000000,0,VOTE_OPTION_YES
osmo1hmejnkas8a94vhhp0z6cmjpkzzytccv84cc3mz,False,99705507,0,VOTE_OPTION_YES
osmo1ha0m5rrjhqayj3uhh08mt6u9zlqlzw7ulak5y5,False,0,0,VOTE_OPTION_YES
osmo1h7vr0e7e8hsw07r66xv5u2tgxy8yljtme4v2ds,False,3200000,0,VOTE_OPTION_YES
osmo1hlxsavlny5ax6uwggr49qaw57cxnhcldwrze7c,False,2517000000,0,VOTE_OPTION_YES
osmo1hl8zvg27k44pl9aglkn056lrpwvc5zn3mynh96,False,0,0,VOTE_OPTION_YES
osmo1cq6tuywhwxgahmf7vwsyehweu6w8tlq7hdm95m,False,191000000,0,VOTE_OPTION_YES
osmo1cpekejcxcv2yzc22n523upr2d4vj8mwjnla36y,False,3468431370,0,VOTE_OPTION_YES
osmo1cp7xd6a8cafhamhu7at8tqmjnu5c6uhq67d3ga,False,610000000,0,VOTE_OPTION_YES
osmo1cz558xggwsgy9l73ee3pmm24scwa8zryzwumaa,False,200000000,0,VOTE_OPTION_ABSTAIN
osmo1cytxvxmmyk94y0ygjfd55g7vjqucs85wx8l7s6,False,1500000,0,VOTE_OPTION_YES
osmo1cysu92usckgg26f2pg0rdn5dtpudqwayrskxem,False,20000000,0,VOTE_OPTION_YES
osmo1c9z7jfdm5w0h9shm693y9y5tmprusr64kk23dl,False,2000000,0,VOTE_OPTION_YES
osmo1c9jfujwtaz8q4cf8jl0rdja89m9hz9q2wha2lw,False,101000000,0,VOTE_OPTION_YES
osmo1cxdsmzcqfwscnmuun3knlhshfvrhgge6vdvhcj,False,28360000,0,VOTE_OPTION_YES
osmo1cxmzj73ysxqnx2xnv868fkjkt0ly4szywmufar,False,145000000,0,VOTE_OPTION_YES
osmo1c2fl7azm6txp88e2mtzup084tla0769vt3q9jl,False,546600000,0,VOTE_OPTION_YES
osmo1c2w7sxnp423935c47zwv32rgmk2zmgt8maswnx,False,3261400000,0,VOTE_OPTION_YES
osmo1ctgp3saksavq29uxcat6gspqx8lxsdm4jxgycn,False,0,0,VOTE_OPTION_ABSTAIN
osmo1ct26vgds6r4pk0gmwgx7d586cd9gmkr3y2l97r,False,46385530,0,VOTE_OPTION_YES
osmo1ctthyjhc2y20gtcs3ecugaj0stg0smn98fhfwu,False,150000000,0,VOTE_OPTION_YES
osmo1cthsqrpuyv5w9a2k3nuq3nedvsqtztffg082wx,False,0,0,VOTE_OPTION_YES
osmo1cd4m6ql2aqddwkne6myyn7wjxrqx5tukc6wpyv,False,10290800000,0,VOTE_OPTION_YES
osmo1cws2ktsx5edvv9vnge8mj983h76vz4txh8nnvv,False,34641495802,0,VOTE_OPTION_YES
osmo1c0q7xhs8l769c37ygxeyhj6m9yj4j9yzupeg7l,False,551000000,0,VOTE_OPTION_YES
osmo1c0tgr288s95g8saupkx46g6rqzh2g3cfkru7tc,False,2130000000,0,VOTE_OPTION_YES
osmo1c0d653p6z2x6zhanam78y07jnk4v43m836uy7l,False,300000000,0,VOTE_OPTION_YES
osmo1c0nszq2z39x6dx7thqy8m3eqrjnk4qj6m38ngm,False,2700000,0,VOTE_OPTION_YES
osmo1c3f650tfm7jqk2usgay2enr9du67vhl5447j9u,False,6750000000,0,VOTE_OPTION_YES
osmo1cjxnaf6d3gkpmqdu7kmtuxwgncqy3225v50xlq,False,0,0,VOTE_OPTION_YES
osmo1cj8x3jp8wesyldyj2k7ccxgtvzdrwth83phcrm,False,0,0,VOTE_OPTION_YES
osmo1cnskgpm8pasf628kzqs5vqlk5qk0y624lkucj4,False,214435018,0,VOTE_OPTION_YES
osmo1cnapug7rawptxvc63edvudlq2ls34h5lprsluy,False,1000000000,0,VOTE_OPTION_YES
osmo1ckqstcjz6rv4qxdh69f5qhy87a3z0gfsjvkra2,False,10000000,0,VOTE_OPTION_YES
osmo1ckd2hvp4h2zq0srv39p276rclt7nck7pndwgm8,False,98399600,0,VOTE_OPTION_YES
osmo1chckfyh2ttpx9fhu7r6nqnrsfl9zeptzmfkr45,False,3312000000,0,VOTE_OPTION_YES
osmo1cc4m9k3ds3fewyfhfgjqvqap85mn3gh6gxhxyk,False,235579779,0,VOTE_OPTION_YES
osmo1cesw6mymnw57cw33sgd3w8nlqxyeygeud94dth,False,0,0,VOTE_OPTION_YES
osmo1ceurjtrgxf0hfd4r0hez6fenevazenfh7vknz8,False,7984565936,0,VOTE_OPTION_YES
osmo1c69yrjgrka9yafg7wcx4a0kwru9jwvwq0drfzx,False,34244288,0,VOTE_OPTION_YES
osmo1c60qxt64946vww87v7vq2wd9vetwtfgqtyztdm,False,1048310503,0,VOTE_OPTION_YES
osmo1c6swrzqwwndv2dqyxmpezr03j4hagmzycyszw5,False,0,0,VOTE_OPTION_YES
osmo1cuklh9yvl29vg3mwfq75duqwh8pwsyy3e6v7wk,False,2920000,0,VOTE_OPTION_YES
osmo1clpqr4nrk4khgkxj78fcwwh6dl3uw4epasmvnj,False,65922070000,0,VOTE_OPTION_YES
osmo1eqhl73ed0kwccnvjqzq28cngcp5u38y6tdgnpg,False,0,0,VOTE_OPTION_YES
osmo1ezty2jdsfx5u35myl8vrth8e9e5524ag6kn60g,False,590000000,0,VOTE_OPTION_YES
osmo1erarlz2yk2wk74sm8v2x4cewuj8njwla53jcg2,False,801000000,0,VOTE_OPTION_YES
osmo1ey0zmwryem278r7rfhj90uxfuq4ndl9jjxhw40,False,13777511,0,VOTE_OPTION_YES
osmo1ey6kutj700kleklrxyts0v3lauv0u3ddqa36wz,False,168959414,0,VOTE_OPTION_YES
osmo1ex7v2j98m0lxr5h6ecdmky9tvxep4fah4hkuzt,False,293330122,0,VOTE_OPTION_YES
osmo1e8238v24qccht9mqc2w0r4luq462yxttnk462u,False,351506894,0,VOTE_OPTION_YES
osmo1egsk7lmcam4f8kk7qlh4pqdxm0d6yta606maf8,False,1459000000,0,VOTE_OPTION_YES
osmo1egjuakm03whmz3pjahrdlf3slnq9rc9zmv83m8,False,6111279,0,VOTE_OPTION_YES
osmo1ef0gw67q73l77vdxf0hk7mpgj3kty5wz00htgr,False,255000000,0,VOTE_OPTION_YES
osmo1etp0xd4xwma5xcchjx6l2dmmxu2nk64umhmpe9,False,0,0,VOTE_OPTION_YES
osmo1et0h5878grl74e46jd34pq3c4nvnt8zsrur20p,False,4888682,0,VOTE_OPTION_YES
osmo1etn3zk8x8nhekeynkzneejg6wcjadwu5z5gda6,False,735281498,0,VOTE_OPTION_YES
osmo1ewpa9tnnstxf68mqzhz7gga8yptwg57dk722n2,False,7000000,0,VOTE_OPTION_YES
osmo1ew3tsz6gh6hnfzv9pcj8336qreqdnn2pgzpmy2,False,5378000,0,VOTE_OPTION_YES
osmo1ewmayyze0svkhhsq7gs5yc9gv8uezn3thc2xk7,False,10002000000,0,VOTE_OPTION_YES
osmo1e09wgvj4lypvyg4qz5utdrdtff0zasqk9qv7tc,False,15000000,0,VOTE_OPTION_YES
osmo1e00s43ktrvh55uwu8r8z7puvyzv429mlzkr6tm,False,0,0,VOTE_OPTION_YES
osmo1e0sahhzapkfeytu2uklcgfa3q8j9kws3eje62q,False,1092964,0,VOTE_OPTION_NO
osmo1est2k3tz5munj6x03fu5nueqlxx7ng9kwc8638,False,57263965,0,VOTE_OPTION_YES
osmo1enpw77967vv8n8q0rc6w5vu55hy3hd03hw43ud,False,0,0,VOTE_OPTION_YES
osmo1e49cvjgtf0anp0gpdqhs3tzg24mcgse03wpln3,False,1587000000,0,VOTE_OPTION_YES
osmo1e4u54338evac57h8gk06lqdduhxtgze4tmud0l,False,510000000,0,VOTE_OPTION_YES
osmo1ekp7t6e8wshjafnv233q3ru69qm9mlwqxl0vfy,False,3391102444,0,VOTE_OPTION_ABSTAIN
osmo1ehwjr5rym9lftlfhgaelre5pkynjhtalssskhs,False,1197000000,0,VOTE_OPTION_YES
osmo1ehnfrx6kkd3umauv2un8xsxhwrv3kasptne7r4,False,130000000,0,VOTE_OPTION_YES
osmo1ehkfl7palwrh6w2hhr2yfrgrq8jetguc3z9wnc,False,6100000000,0,VOTE_OPTION_YES
osmo1ec5yt8s9kxk8zun6v0vzl9nrx0w3znehkeftjg,False,225000000,0,VOTE_OPTION_ABSTAIN
osmo1ec7lwkxedc49unw7a4uquvqhs77ezqxxl7rjsp,False,59500000,0,VOTE_OPTION_YES
osmo1eedgtj9d8339xy40t8wy3c2rsrssvgl84yn3j6,False,3102250000,0,VOTE_OPTION_YES
osmo1eewjvdgt8enmcpjlp65wvp6xl6khgzl76nq0ag,False,334200000,0,VOTE_OPTION_YES
osmo1eu6yf2wjl45qqk4qyj9u9eruy78dk7wgzw0vf3,False,855023171,0,VOTE_OPTION_YES
osmo1eltax4uel4gjnn5lrtqkgkenrlzp3647ph8tq4,False,713000000,0,VOTE_OPTION_YES
osmo1eljj8h8wc9me90s740qrl9n6slvn78lg5e26r6,False,26000000000,0,VOTE_OPTION_YES
osmo1elcpqhr4t53fkg4ae6r7g8c84f54rgd5tzjxj9,False,7473920000,0,VOTE_OPTION_YES
osmo16qzf44cpkgy86xfs4h3fxhaec693k7lgc0k0g0,False,4550832267,0,VOTE_OPTION_YES
osmo16q8xd335y38xk2ul67mjg27vdnrcnklt0ewepv,False,52032111,0,VOTE_OPTION_YES
osmo16pcr40t4w8q5qkcf0wspc5xacujtpqt5h94g86,False,61000000,0,VOTE_OPTION_YES
osmo16zc0xzx2y2l50h8pk2dxa83h483j9ecvh46ux9,False,2102775390,0,VOTE_OPTION_YES
osmo16ye4n8p4qlwejlfa7y2g8d6j5wpxkh3qmaa947,False,111000000,0,VOTE_OPTION_YES
osmo169p795lztxl7m7f3zjulhd96uszlxggjjj2xx7,False,31650000,0,VOTE_OPTION_YES
osmo16xrp6htdt5j2qgmcfkjv4jf7f285sre8tq5vs2,False,0,0,VOTE_OPTION_YES
osmo16xn7p87r5x3234a20xz8qpz5r54jvlcdvcwy38,False,43100000,0,VOTE_OPTION_YES
osmo16gp3yf6764v4gsc2re3ugyrfpxwwv7nqjka5hp,False,2800000000,0,VOTE_OPTION_YES
osmo16grx8tj802z35zzechc5rhvzzcdu3hvkwc6akr,False,400000000,0,VOTE_OPTION_YES
osmo16gm3cvhluf9xfurkx9qgxq7pldvd479l49jpvh,False,3811414600,0,VOTE_OPTION_YES
osmo16gumn4fn0hdwmtvnwnf7q3p9zhwj83k4fz2ezr,False,1337079006,0,VOTE_OPTION_YES
osmo16fgawpzp0mn8rn6tax9n9uu8fh83hncqpxx68f,False,720000000,0,VOTE_OPTION_YES
osmo16ff95ps68m9zr6gngs3rt442jr6079dyaexp9c,False,3003429706,0,VOTE_OPTION_YES
osmo160awjrx8w3wk297m72usank4v4ettkjeul6cvu,False,618265044,0,VOTE_OPTION_YES
osmo16sw3enjmxnfwuz46tfz9zfu8vh4kjay59et3mz,False,68800000,0,VOTE_OPTION_YES
osmo1638asvty8rs7vuvnem0t3jmvw6nqpx99deqjlp,False,37000000,0,VOTE_OPTION_YES
osmo16n5htuhl28hn9ejpxr9znjmlm30kx4p35z2yq7,False,2694376513,0,VOTE_OPTION_YES
osmo165h0cw37k9lv4y6c5z25qfus00a76nra6mux9d,False,320000000,0,VOTE_OPTION_YES
osmo164rshrwr7h035m4hy7yvvlg2gav8yn0a22g70h,False,360000000,0,VOTE_OPTION_YES
osmo16k96em8nk5usnxw38n94skklx2j9rr2wluwzvt,False,530440935,0,VOTE_OPTION_YES
osmo16hvkj2362zrj0c8djh75endaclmdhw07yuy36e,False,25000000,0,VOTE_OPTION_YES
osmo16h026jnvjftww9kv0p3t6hzvgcsck606l6qr6a,False,257000000,0,VOTE_OPTION_YES
osmo16c3n5gsj0pynl6nmjx20l89h6h20c0zdusdata,False,40314223,0,VOTE_OPTION_YES
osmo16c37z5awr80s97ytmew3gz6w4v6w9ncpm4rmsc,False,6713200,0,VOTE_OPTION_YES
osmo16c53zl78wj6srl7whtnvky505hk3748djskev7,False,69510820,0,VOTE_OPTION_YES
osmo16eh8fp3y8z2w0ftx9srkatavcte5rynw9cw9xn,False,3177684241,0,VOTE_OPTION_ABSTAIN
osmo166qjrwnyrsdwch6umtuq2cvf7qs0e887qsdl6j,False,13011000000,0,VOTE_OPTION_YES
osmo166upw90lt6x0wqjw5kt6hg9z5jdp493qffz0ny,False,4373153450,0,VOTE_OPTION_NO
osmo16al645g8yth0dxp2uwr4wlhl6mkpzljkr2meu9,False,0,0,VOTE_OPTION_YES
osmo167zkszf5qhwwkfkvy2dkcsyqqd7fge2h7s74ec,False,125936946,0,VOTE_OPTION_YES
osmo16lk64e5g6gk22snl3xmlh93z7rzdvs2fa7wg8r,False,1500000,0,VOTE_OPTION_YES
osmo1mps6n5gqe3grduk8vkarssexvuekk3agd7e7qz,False,210926685,0,VOTE_OPTION_YES
osmo1mzpax870t394kfkttekd3kuc23p4sa0g6d45w2,False,3392000,0,VOTE_OPTION_YES
osmo1mzk5077xzm36cw4wjzqesw0nf9udl52c3dn6pa,False,170000000,0,VOTE_OPTION_YES
osmo1myqxl874yh9dfpzmwzkrp394un4pzzgq5hl3fv,False,10000005900,0,VOTE_OPTION_YES
osmo1my4sez782qsn9uhfsd3zwrxcwzc8dx60uh67ly,False,77023846,0,VOTE_OPTION_YES
osmo1m9gwru3lwv28luarh65cle5xyncu82cpzelqwf,False,1424639297,0,VOTE_OPTION_YES
osmo1mxtepzwtdtvq3agfzwk960g5ypkfex34hcxjrp,False,21500000000,0,VOTE_OPTION_YES
osmo1m88nada4nqdtqj2ft4g3fawhyhjvrllpjgfjrd,False,190500000,0,VOTE_OPTION_YES
osmo1mglwkmhaah67rcuplczxl8ykfyl00zq3xtr52s,False,324893035,0,VOTE_OPTION_YES
osmo1mfqyg079v45583vxp6acx8dajzfx95xg53y5np,False,100058234,0,VOTE_OPTION_YES
osmo1mt8nqh7wfqt0gvjreytw8metg5scx00ylg6qzh,False,200000000,0,VOTE_OPTION_YES
osmo1mv8pdq997ehsvuw0vzzt40cdfd09awlnvh9rgt,False,10500000,0,VOTE_OPTION_YES
osmo1mvk8603ksv5spt9epgruemcqdh3qruzeekqvgq,False,1245500000,0,VOTE_OPTION_YES
osmo1mddqk7uetlfq64r59kn4uhwlxyz9985emwcynn,False,1000000,0,VOTE_OPTION_YES
osmo1mdc2va855zu5s5n37k3yt3ag7ur06nkn0rf666,False,866000000,0,VOTE_OPTION_YES
osmo1mw9wckjvpxvkgxhr8dxk93cmudpc9cw3e6mfck,False,0,0,VOTE_OPTION_YES
osmo1mwg6lt5eumhpnyx6gzwxaesj7lymyh8ee9e9h8,False,1100000,0,VOTE_OPTION_YES
osmo1mwmdkeg5e049hpvwajdvv4wanxnhdp6xasmere,False,274000000,0,VOTE_OPTION_YES
osmo1m3mf2t06jz8u5vf9zx8rahwfdnes9x3n738zpx,False,156558900,0,VOTE_OPTION_YES
osmo1mjxl3svza48zrrdh06zl4yyfy34vn4dp9npv6c,False,77226941,0,VOTE_OPTION_YES
osmo1mk2yasfjljrvrxrjwj5823xh6lctkjc9r8w295,False,500000000,0,VOTE_OPTION_NO
osmo1mkk7xd9tll96rt2j8e8tamggu5agzwq7wyarp9,False,1861381520,0,VOTE_OPTION_YES
osmo1m6gs06garthnh2u9wrpkdfm2xrnfunjjatqlln,False,15121398,0,VOTE_OPTION_YES
osmo1m67vytjqkkdcwjxgqpuc7vldvunsz7ra665mpf,False,550000000,0,VOTE_OPTION_YES
osmo1mmfl8uz5ff008rr7v76nts8wunsw0nu2m6egns,False,112000000,0,VOTE_OPTION_YES
osmo1muu9z9l95dt3skecrpck9x7v044rs6hqj4sf65,False,6300000,0,VOTE_OPTION_YES
osmo1m78as2jz6nyz3fgg79gqkhpkwjper2dz8a2vr2,False,110000000,0,VOTE_OPTION_YES
osmo1mlq2k52fmmupl3q8jmr6rc2hgq8ktwxflf0ewu,False,238000000,0,VOTE_OPTION_YES
osmo1uqm0wf0w5m7tm7dn6ythnfdlqyaeupcz4tl6gg,False,8192588691,0,VOTE_OPTION_YES
osmo1upfl77j4eg4fp2zrfdhmfqvzpt3jrh4lm2cmsn,False,537890000,0,VOTE_OPTION_YES
osmo1uyts2z7dc52aptskxcen8zh839lglxphhnkv67,False,122168257,0,VOTE_OPTION_YES
osmo1uyhycpu2ku2ugyk0hnjx76mmu4au742t7u5wqp,False,0,0,VOTE_OPTION_YES
osmo1u93z584nyvufs647ut6re6dy4z9q3kr9ql50p3,False,15784000000,0,VOTE_OPTION_YES
osmo1ux35kxht4dhxnp43z0q9cdjfcfz05qu0jpxxw7,False,400000000,0,VOTE_OPTION_YES
osmo1uxuf3qnujte8t6ewnzkxasvk9fjwyvcrdecd9w,False,0,0,VOTE_OPTION_YES
osmo1u8xff6p6p4uunrpha6m7fskv6j5z49qhyeulty,False,3507362867,0,VOTE_OPTION_YES
osmo1u8u3nrcjg32nytzsdvay8h5zyp42utc8wdfvjd,False,100000000,0,VOTE_OPTION_YES
osmo1ugs6t3rsj9rq6c7clqwraunrur7nvqn3f5znpq,False,4666945186,0,VOTE_OPTION_YES
osmo1ufvcwvzcfzm3ft4u54kweuy8y9zz3llr56euya,False,1991681094,0,VOTE_OPTION_YES
osmo1ufwpz55k3r3de0m4v4448yqa2x6nk656unm582,False,395000000,0,VOTE_OPTION_YES
osmo1utxx4enrhnsstwnzkrsrfdufkyxwx7t7gnhjp9,False,1000000,0,VOTE_OPTION_YES
osmo1uvm6s53mff2fkzgukljk9m3c7rzvvvqrv8lmzw,False,1000000,0,VOTE_OPTION_YES
osmo1udp73k9qtg4q8qwqucgperdzw4n2kt4cxvgvla,False,566118638,0,VOTE_OPTION_YES
osmo1uddj878z5z4v6a0suhmdgqezzwjuxr742ze6x4,False,166000000,0,VOTE_OPTION_YES
osmo1udukg2mkycxnejxkv2974c0vrn8s6h9sre6pf5,False,633420000,0,VOTE_OPTION_YES
osmo1uwfaat90p9nldpqvyh35z27awtwdv4kwjm0kl6,False,580000000,0,VOTE_OPTION_YES
osmo1usrqqtsu75j8d5gf932gc8vuh7yly62nq09y4z,False,11031000000,0,VOTE_OPTION_YES
osmo1unxx6xef6u4n6a3hldqv9gfa62270cscx4fsgg,False,183551000,0,VOTE_OPTION_YES
osmo1un2a96zhymexgdx9ujeldm2a6te9ar668y777j,False,1680000000,0,VOTE_OPTION_YES
osmo1unc8m95em9d8d6p56qe6fwlzkmr550762a26m6,False,111500000,0,VOTE_OPTION_YES
osmo1unaqp7j24svuwgsc5rvsakj2jey9pd7yh5sf6n,False,2814245057,0,VOTE_OPTION_YES
osmo1ukzm9fhw44pye6wj4ht7daynzswqnfxlqk7cz3,False,178581528,0,VOTE_OPTION_YES
osmo1uk848grm29wf8dsgmmkfk3c0399wlz2ukvw7kx,False,0,0,VOTE_OPTION_YES
osmo1uks7drwhwww20g838w3kjmlz4quladgee8t6cx,False,30038000000,0,VOTE_OPTION_YES
osmo1uh82sl5wy2g4r2x6dmf34lp2nr9e4jy72kvjaz,False,724650000,0,VOTE_OPTION_YES
osmo1uhu8ek2qjkua7ddr96stygvma8cxqphf67rrzl,False,1000000,0,VOTE_OPTION_YES
osmo1uhu0f7p8vu8pau024f6h45tygvjhxnjqdl0nsd,False,1448894393,0,VOTE_OPTION_YES
osmo1uha9myr80slygptthz22pe53snjr94fr85x7eh,False,1500000,0,VOTE_OPTION_YES
osmo1uc0qv43jtu6sdq67kgjqvwaxhecgsagvj5d43a,False,2500000000,0,VOTE_OPTION_YES
osmo1ue5e5v2wsmkxr87hzlp2h3zkz4fh7cvjy9nuk6,False,298700000,0,VOTE_OPTION_YES
osmo1u6jr0pztvsjpvx77rfzmtw49xwzu9kas4rh4cj,False,7991000000,0,VOTE_OPTION_YES
osmo1umvsh7y8djmtartql3dwsun9h8gq5ddxgsscnz,False,2004000000,0,VOTE_OPTION_YES
osmo1um0j8mskacs58whj3zd3fx6nrytsw8w253rxjr,False,2200000000,0,VOTE_OPTION_YES
osmo1uufle6nnca57cs56kg7w7fcgmx0ktxylnrc37m,False,1811003281,0,VOTE_OPTION_YES
osmo1ull43xtecntywxxsu0pnaplp3ks88rf4d4kthn,False,15000000,0,VOTE_OPTION_YES
osmo1aq2qrrr9jqdt6wj32edlazfy64ajt9fv7aduhj,False,36069645,0,VOTE_OPTION_NO
osmo1aq0pdc3r7j0khh8h7uws85jlzvr7r8tc82s389,False,6000000,0,VOTE_OPTION_YES
osmo1aq33wu0ld26l473ykv9gzc76d8pdyk0pe0awea,False,2000000000,0,VOTE_OPTION_YES
osmo1aqauyxr7kcfq7fsuwj09fxc89nmyh3tuu6ujvh,False,0,0,VOTE_OPTION_YES
osmo1azf28z28pq6cpcn579clv8t50rd7l58t3u6xzp,False,94773000,0,VOTE_OPTION_NO
osmo1azl8d4w3vmxe4pv80xw2fwyphzr23kqzp2k796,False,500000000,0,VOTE_OPTION_YES
osmo1arryxm0ud7usd8gufp9f2dkx7tj25qhsg4scgt,False,0,0,VOTE_OPTION_YES
osmo1arlxgz25ycj99yq3lc626g2pywr6x7uccxq0vy,False,500000000,0,VOTE_OPTION_YES
osmo1a9fzkadrn347lzwr2wfzn9mvg4a5m0quv06vpl,False,2521000000,0,VOTE_OPTION_YES
osmo1axw0250f5grefkp9rms36sxd9rz9s2hsncwdgp,False,1210000000,0,VOTE_OPTION_YES
osmo1a88suxwtyaxy8q74c9xahwt9alqycpl4jff73u,False,3098000000,0,VOTE_OPTION_YES
osmo1a8u02d5y8a9mlwkkvwegeurhxu8kc970sjvqfv,False,4100000000,0,VOTE_OPTION_YES
osmo1atevshfyd6sdmydj4wk508gh99nrk46kfk0wpa,False,2792009000,0,VOTE_OPTION_YES
osmo1adt28ng43jwkfkh2082vz782xaw9m4nzwhtnk7,False,50000000,0,VOTE_OPTION_YES
osmo1adh3zxewj6rhgxjn46hrpalx5qmlveadt949nm,False,2089000000,0,VOTE_OPTION_YES
osmo1awpd2j7en946wn6rvljydxwgrawmn9mryspwkn,False,600000000,0,VOTE_OPTION_YES
osmo1asrupfzjyepcjhafz2fjcz63wtslj4ue6qcwny,False,312909359,0,VOTE_OPTION_YES
osmo1ask8x8anxmdg9ujwat43dfdhmkx365scjplga6,False,5660000000,0,VOTE_OPTION_YES
osmo1as7kzt3w28qcwccp9tw4f3hrx6tqtg3kyred72,False,136000000,0,VOTE_OPTION_YES
osmo1a3d39tv7qzmnjqwu7x8frrwphxq6y98jhf5nwe,False,520274624,0,VOTE_OPTION_YES
osmo1aj04527mtnpfjxvzjrqgr52gfj66h3qjrwy7qj,False,101487853,0,VOTE_OPTION_YES
osmo1a5ps8qwvvy2ejzvy80uz03q06ughcyqeh9hkay,False,801000000,0,VOTE_OPTION_YES
osmo1a5kaehuk3zhkjrtx2uq30dgxj35a3evvqjugz4,False,301100000,0,VOTE_OPTION_YES
osmo1a4x403nxvg8979dj6m2w4l82apqtg3mxwlys8y,False,238700000,0,VOTE_OPTION_YES
osmo1a4d47g3svevq7jwc9y8zatpsuul0atdu9untnr,False,1500000,0,VOTE_OPTION_YES
osmo1a6kfadt24cgm9fy8z564jrglc27vtfz978j8ym,False,19783000000,0,VOTE_OPTION_YES
osmo1a6etlsall04x0fyharsg375hyjvxu0ykw7lm2e,False,100000000,0,VOTE_OPTION_YES
osmo1amzfwzgvn8c9yr57zkfzgrvya5avky0gf4kyl0,False,391928668,0,VOTE_OPTION_YES
osmo1auz5gazf7xsx6nd05l9z4zwvmd2w4r2u20s3v8,False,0,0,VOTE_OPTION_YES
osmo1a70vsnz4ps02t2l4m08ufa353cx5ywd2ep8eyx,False,160700000,0,VOTE_OPTION_YES
osmo1alp7d7p80pny3dvzpp8a0fr49mmututy35nesd,False,25387000000,0,VOTE_OPTION_YES
osmo17qkz8gr0v78r4j5500wh67m83ztaw4gcdur9hg,False,0,0,VOTE_OPTION_YES
osmo17pwjvfwvysx9watqft76rgjdkvvc9angu050jq,False,20000000,0,VOTE_OPTION_YES
osmo17z8jtqskn6xnyqmhhk2sw62qm3az009x6lr425,False,3406000000,0,VOTE_OPTION_YES
osmo179w0gk3zzr7ekq9kfawl45sce9fyc5yc24fn8r,False,0,0,VOTE_OPTION_YES
osmo179auapa24yzvtu4m5r4kzrhz5pnup4hek24a28,False,175140000,0,VOTE_OPTION_YES
osmo17x87z2c8pnwqc54g2cwf2796p8920r6l07f86t,False,0,0,VOTE_OPTION_YES
osmo17x2ry75hddumjswr2gr7hwfle7hdtnedq8nj5w,False,12770279977,0,VOTE_OPTION_YES
osmo178h2jmpz3xwenl3du920zw3rweq8u3elfustx7,False,0,0,VOTE_OPTION_YES
osmo17grastranacnmkx34m9yhk5kp8fz0vkw7tccsv,False,0,0,VOTE_OPTION_YES
osmo17fnnjn90gawufm4ah4agk5wwdqk4nm9x3wjfhn,False,7200000000,0,VOTE_OPTION_YES
osmo17206qyffsxplqw094lv3nz8dmrcku2kguwn5u4,False,2903000000,0,VOTE_OPTION_YES
osmo172jlk05vshlyv2le50rmzep8su7txzt85flz6m,False,1461000000,0,VOTE_OPTION_YES
osmo17vxf0y0x0gkhan33yhpeuxhyzd5069vnqvhsx8,False,5000000,0,VOTE_OPTION_YES
osmo17dctac56das9tgvmcmcck3wzfayjm0pgu40s26,False,73610000,0,VOTE_OPTION_YES
osmo17da3d7q2jl6hl3ld4d4w2c4qg9aast30s5sl6g,False,110160000,0,VOTE_OPTION_YES
osmo17w9gryajpw7e0xxl5uz2q62va3543tmqvxx9f2,False,732000000,0,VOTE_OPTION_NO
osmo17wf5vn7ryzu7n487t8xtq9gx7the5dmaum9jfz,False,1675485678,0,VOTE_OPTION_YES
osmo17wtjzq8fuclh0jqlzrhzd0kpwuq0h2hjuyjt6a,False,501000000,0,VOTE_OPTION_YES
osmo17w6uphmdlpjtcdcs9844frf9pmrruexf547xwm,False,0,0,VOTE_OPTION_YES
osmo170rp30un66h564egy8hm0mk2adpdv2czl8779k,False,181000000,0,VOTE_OPTION_ABSTAIN
osmo17070wwjhlurczgm9658k7p9a8ds08shjtdf822,False,1500000000,0,VOTE_OPTION_YES
osmo17s6ucafgwc9khrvgphemalcuxz2lv2ucds7tgk,False,4262000000,0,VOTE_OPTION_YES
osmo17329x9x02qepkaqfx8rpyvn2x0pp5v3f7w3qtt,False,0,0,VOTE_OPTION_YES
osmo17nr0vxmqfq760k7e9t9sguqtywmrj58jqf06te,False,14000000,0,VOTE_OPTION_YES
osmo17ng5jlpx47up539f2ujvwk2lqswt7dclfu6p84,False,74900000,0,VOTE_OPTION_YES
osmo17n29htts9z3wd0ydtq0uwsxtpw0hs0c5humkpc,False,36000000000,0,VOTE_OPTION_YES
osmo175age482mgf0g5gt5v809xpn90qjgvdjd3nk7f,False,123100000,0,VOTE_OPTION_YES
osmo174cxvu3v40jycyk3cr4mt8xk5zct9aflvdafra,False,2100000000,0,VOTE_OPTION_YES
osmo17hpg0ekmlv7q3qcrzkc0gkrrrytzfpaysf2l64,False,2281000000,0,VOTE_OPTION_YES
osmo17h2x3j7u44qkrq0sk8ul0r2qr440rwgjmx02jk,False,20492044526,0,VOTE_OPTION_NO
osmo17egkpnwtjn270r9ym4peffsda56pqgu44eren3,False,64000000,0,VOTE_OPTION_YES
osmo17ece6mkklwpv5fxec7l882nzmt0l0tjefvc9pd,False,9858638038,0,VOTE_OPTION_YES
osmo176wylemccg9u2qw060rfgwnvp8sm6fxe3qw2qw,False,1834000000,0,VOTE_OPTION_YES
osmo1760d9jkledghjckd65gemglkv8cpq732ekf73t,False,0,0,VOTE_OPTION_YES
osmo1763hru5x5kvq6l4cg6nyxp7q4gzks4h488prdl,False,0,0,VOTE_OPTION_YES
osmo17mrgaacv0h472nf44e8v2rdln5kmwhr7cupqcr,False,13936231598,0,VOTE_OPTION_YES
osmo17urqyrawvju9u3t345d6v3e5ty3mk3hft3aa3v,False,34235298,0,VOTE_OPTION_ABSTAIN
osmo1772luruswr7st45ac2rfzf4r48mj2jj2u4dgkr,False,500000000,0,VOTE_OPTION_YES
osmo1lp24lvtjtnwz7722v9mvzd2s2kw0z0dtu90z56,False,2000000,0,VOTE_OPTION_YES
osmo1lpu6xj6qsu5aqxnserzxjteaq56j86lch7ygpk,False,17200000,0,VOTE_OPTION_YES
osmo1lzv5wn0fmygkamaccfnjhjl9kxzndj54tx0d8v,False,13283419,0,VOTE_OPTION_YES
osmo1l8zpe6dcyx3sg2qa3xe45pxjglypt5697smwua,False,400000000,0,VOTE_OPTION_YES
osmo1l8tugg79yzphl73yf04ykt0mjcj5agpexkw042,False,4721730000,0,VOTE_OPTION_YES
osmo1l8652aawuvmhrhsycgm2p4vt3wstsej20l6azm,False,197300000,0,VOTE_OPTION_YES
osmo1lg9hu49zxetge30x36pf8nccy5xeq7vzq5ljpu,False,800000000,0,VOTE_OPTION_YES
osmo1lgctkpfy39a3urqj3zjadzaqwx4vnlnyyxn9hq,False,500000000,0,VOTE_OPTION_YES
osmo1lgmalr3y02yl8sjr25uyz430426z4kh6n80hxc,False,1452412880,0,VOTE_OPTION_YES
osmo1lf775asdn3zpsjmye2g82ytwkarq2hhrczeqss,False,23000000,0,VOTE_OPTION_YES
osmo1l22dc2vjgrgwl73ef6rl6zp3uwr007ft8c5vam,False,2700000000,0,VOTE_OPTION_YES
osmo1l2jph2tk82ma799cv2veakx9wsy0rlxgrygn8t,False,0,0,VOTE_OPTION_YES
osmo1l25g7j2qt87ssuacyqc24zzntff7mwrhr9ec0h,False,0,0,VOTE_OPTION_YES
osmo1lv9a794ezpqn23k0qjja6p9z5c7tjyd528s07g,False,19014000000,0,VOTE_OPTION_YES
osmo1lv27ac3ztjz6u90y0a8ayr8ql20fzda3cutaw3,False,4004158609,0,VOTE_OPTION_YES
osmo1lwkr9wpm35e93tnjj9awhhph0p6620n0ju8c2k,False,212000000,0,VOTE_OPTION_YES
osmo1l0rpjg5kc5medvpj7ynlank5ta5dcequp25fsw,False,35000000,0,VOTE_OPTION_NO
osmo1l0f2ckdsx07jnxcy3ucq5x3fw6ttnrgjrfqkqj,False,440009699,0,VOTE_OPTION_YES
osmo1l0uyf6ljnmdaw4ngqnpfgtrg4t9ym0g4vva3tt,False,2709200000,0,VOTE_OPTION_YES
osmo1ls4kmz5v7ytwcqmmchkex970565j8q3dw8jt6f,False,28950000000,0,VOTE_OPTION_ABSTAIN
osmo1lsev27kl0ujaucpxv4rn9qaxarvgyrx3w6l985,False,5941590000,0,VOTE_OPTION_YES
osmo1l3xk8xw5pq80fcv49dvud3xmds6hcr7uaq4rtv,False,1000000,0,VOTE_OPTION_YES
osmo1ljsqgpg6aemq4n9uz6fdwen67r3z7adgfdcvyq,False,151820000,0,VOTE_OPTION_YES
osmo1lnfqsmjvnecrn3ga57ssdllrqsj9vth5d7sen5,False,338141,0,VOTE_OPTION_YES
osmo1ln275wyeypycg344u4mt603gsxkfnn6elqs53f,False,0,0,VOTE_OPTION_YES
osmo1l5f025n76cqwzrhxvvg9u2yvd2km0m2khkjxz4,False,2200000000,0,VOTE_OPTION_YES
osmo1lk2gx3t0q6xnfvfeukserdpncx6esf9euef006,False,1450393609,0,VOTE_OPTION_YES
osmo1lk72h6jz38rj58tr4v9y0pxgvfj2syjrfmsajq,False,316544890,0,VOTE_OPTION_ABSTAIN
osmo1lh8lw6zp2hjcmx0s9pkl38j36mqk6tffh8hslf,False,703000000,0,VOTE_OPTION_YES
osmo1lc9r0x0my0h45wxuycedtu5lqkl0s84x2xwnlt,False,75210000,0,VOTE_OPTION_YES
osmo1lcwxu50rvvgf9v6jy6q5mrzyhlszwtjx6yhapq,False,49384000000,0,VOTE_OPTION_YES
osmo1lerg6aenydxjlw5gs8mzd2kpmdk8zdgxah2ah8,False,0,0,VOTE_OPTION_YES
osmo1lemv3x4dm9jteeup9dsz88x7pmxvjg256npkr0,False,6000000,0,VOTE_OPTION_YES
osmo1lm0cffn4v3f52s845qr3jq8wwts0fsskus2d0c,False,3392000731,0,VOTE_OPTION_YES
osmo1lm7u2g4w23rv5z5kgz8e8w8s33qjt8p0d5je37,False,851000000,0,VOTE_OPTION_YES
osmo1laqefwck8mkxt44jfn7fnpynfv9f2utyx08qpk,False,118887000000,0,VOTE_OPTION_ABSTAIN
osmo1laxjhvkftdx4nsj3yk7jhkqwus4ye22etuxg5k,False,1750000,0,VOTE_OPTION_YES
osmo1laajngxl3ppdanmejquf80rpwle0aawnpl0vq9,False,981719884,0,VOTE_OPTION_YES
osmo1llvggls4rhn2yccu265u82qwvpan9505erjyfn,False,500000000,0,VOTE_OPTION_YES