osmo1qz8rguat3u5hkvrzyynsg997d37gqc0hh2wwnm,False,14000000,0,VOTE_OPTION_YES
osmo1qrdglfal54npzae3rf068cy0p7xcdwh8tf05h8,False,23024000,0,VOTE_OPTION_YES
osmo1q8lg7prxcu0xlzselfp9mam49tu5mrh48p26yc,False,603000000,0,VOTE_OPTION_YES
osmo1qfkvt7592rh9v54rycpfhfhelpmpvmr7j5q42w,False,37231090068,0,VOTE_OPTION_YES
osmo1q2gj2cpfmtkze8cyn48r7g9smh6657ya64e734,False,0,0,VOTE_OPTION_YES
osmo1qv9x5meurqh8yjflcw7zlax5400422zcw833ly,False,500000000,0,VOTE_OPTION_YES
osmo1qj7nm3gxxypwqp5lvrjg27jc7tlhlys7v2p95j,False,7647000000,0,VOTE_OPTION_YES
osmo1qnpx3y9jrx6z439r55aekmelkwe3fp42x980r4,False,300000000,0,VOTE_OPTION_YES
osmo1q5zr7peptw6mmcy5rtk9t4fjp34mu5976lu5g0,False,1500000,0,VOTE_OPTION_YES
osmo1qcta3ksq050jnqvw0md7ezla85w4qry4kma449,False,8972259752,0,VOTE_OPTION_YES
osmo1qm8ttsqm99uucnjqg7h2qzlrl6rxcay7eajm2q,False,206323155,0,VOTE_OPTION_YES
osmo1ppf7dpqmhjmhlr7r9c0f7x7uggclwuh5cdegld,False,0,0,VOTE_OPTION_YES
osmo1pzn40yxntlnfta7tkgrs7q6fd693em4kepdzjy,False,3000000,0,VOTE_OPTION_YES
osmo1prln0v2pqnl76qyv9h333thh5hf204znsepnah,False,370000000,0,VOTE_OPTION_YES
osmo1pyvny8ac6dvgv7qctr7nszqaqen0ssklr88yqa,False,292290000,0,VOTE_OPTION_YES
osmo1py7vnejer4auv8e0dyexvgkas4q08wppe2pmj5,False,500000000,0,VOTE_OPTION_YES
osmo1pgwf50mvx6d9cwqv822dz42nsml5g9me2c3kyh,False,2589459613,0,VOTE_OPTION_YES
osmo1pdgrnyggvpr0egqfur0vsdcwwzl3zfs8nj6fnm,False,47500000,0,VOTE_OPTION_YES
osmo1ps6f67034fp22nqpvkur5pry039nfjpuyaaald,False,1135500000,0,VOTE_OPTION_YES
osmo1pjdun63sxyy5v9mgj7vhha69n79v49yu3yrzhd,False,466173718,0,VOTE_OPTION_YES
osmo1pnzmhy658machc02ydr00j0llljzjeu6d4uxg3,False,856575642,0,VOTE_OPTION_YES
osmo1p4ks5aktxq48yqmpzh8e90z6suan8zwyapz5hw,False,198769100000,0,VOTE_OPTION_YES
osmo1phjay9jyx7wty20qpts2t78eqq22dvaq6c859g,False,39111775,0,VOTE_OPTION_YES
osmo1pcpwpfe9x54a9gpa33je7su4u983xhfuaqfv0h,False,6000000,0,VOTE_OPTION_YES
osmo1pcd293zgnxvnjy2tgaypkah9wc985njy9sjh3q,False,0,0,VOTE_OPTION_YES
osmo1pe9um64z55xr0m9kqqkg25k6sfdx5agfvhra22,False,5759000000,0,VOTE_OPTION_YES
osmo1pee8z95saxf5tlge2dgayly76qzmpvsvxunmkw,False,8778708,0,VOTE_OPTION_YES
osmo1purja9dkex682z3j2xxhz4d9hxrpmlltc4yqmf,False,0,0,VOTE_OPTION_YES
osmo1putnfc55293nlchxl42adn026n9n29j20pwqx5,False,380100000,0,VOTE_OPTION_YES
osmo1pav2h84u4t80kf7ala2ss2j9umjussz7qseuws,False,32468029916,0,VOTE_OPTION_YES
osmo1p7pqh96wndak9l7gk9vyq9rayk26pye3cvlqm6,False,124480000,0,VOTE_OPTION_YES
osmo1z9tc2ln0cak4p4v3xld567gd4rrpxmdr6stuf6,False,4041000000,0,VOTE_OPTION_YES
osmo1ztz8t88xgqvueap24ufpfun5mxc3jhmcc63uzl,False,149866634,0,VOTE_OPTION_YES
osmo1ztmawsgwc79szdlxw6vf4l8l42uvudawn2fzpc,False,2005400000,0,VOTE_OPTION_YES
osmo1z05u8e8r3qqlyess4e0qq4gh76awwg4f38yaeh,False,22500000,0,VOTE_OPTION_YES
osmo1z5zq67l0gyje8stunfq5jczvns4y0zx85qs43h,False,1000000000,0,VOTE_OPTION_YES
osmo1zkm6zjujhl76frmqhrfltv3czcs6xejavz5f9v,False,24000000,0,VOTE_OPTION_YES
osmo1zeu4qkycg0ddqm9wca23p38q63zkmhplg6ww5u,False,1000000000,0,VOTE_OPTION_YES
osmo1zuyt4nx04gmgvajjtexqhmm4cp8tmlfqfrp80l,False,3020453677,0,VOTE_OPTION_YES
osmo1r8pyj43mac4yt2fdqkn5va2qjvgexrkrg7x8zr,False,42528799,0,VOTE_OPTION_YES
osmo1rfjcyt8h8eztkhfxfvrw9jskxhu0arw7393ycn,False,356605227,0,VOTE_OPTION_YES
osmo1rt3qgjs5g5mu79mfxwm6cx4nj9ufg0e6ssg6fj,False,78000000,0,VOTE_OPTION_YES
osmo1rv48yhz42kszf5ux0z7ltgad2zf798f4jv7yyq,False,0,0,VOTE_OPTION_YES
osmo1rdg7ec7a8men3dvxnh5afkpdxcevqkrkucy9qt,False,17203000000,0,VOTE_OPTION_YES
osmo1r07wq2e0h7klpnp9mlkpufzxuguj9ud4dakrul,False,11376191,0,VOTE_OPTION_YES
osmo1r3p7y3xff4rd22ft25jd86jga85e9zgqw5yeg6,False,32800000,0,VOTE_OPTION_YES
osmo1r3vdeju5pzcamzqmcvm6wplfere9zqsws8fp7z,False,1500000,0,VOTE_OPTION_YES
osmo1rnnuk7rmjwj3ep97s5d0w5ek5che53ekg5zp55,False,42939723457,0,VOTE_OPTION_YES
osmo1rcf5hdjs835vtk6he8majrsv789kgc4fhdygsv,False,1188210000,0,VOTE_OPTION_YES
osmo1rc0a59yppe3f8v5p42hdpgtfmclhxzvtjjy3th,False,0,0,VOTE_OPTION_YES
osmo1r6cjw8dqc7cz09euc4zwsxpsgs5pj7xucs7qvz,False,193000000,0,VOTE_OPTION_YES
osmo1rm0w7hlqen2zn2u26h7jwfzj8q2qr7hxajdja6,False,28929500000,0,VOTE_OPTION_YES
osmo1rlj87qcqf47qv2nve60a28a2x6ue344srvjukl,False,907000000,0,VOTE_OPTION_YES
osmo1yqkg726ecne24k5n7wyzttnx03q2cx8s4z5vj9,False,470000000,0,VOTE_OPTION_YES
osmo1yr53aaehyff23wpczrzvneg2e6m7jxgwcavdkj,False,5510000000,0,VOTE_OPTION_YES
osmo1y95nq6gsh7agccj68jlmax9yp0z73n3xupwaxc,False,6500000,0,VOTE_OPTION_YES
osmo1yx0jt6zkz3u6xq4ah8am7k43qqawg7acz73e43,False,1250000,0,VOTE_OPTION_YES
osmo1ygm9uvuq23jaf758ywsxw76glc8e8fjm8xz2va,False,1053500,0,VOTE_OPTION_YES
osmo1y22z0x0etpkuc6dtawz7rvmrf7fzr460h4xcth,False,40000000,0,VOTE_OPTION_YES
osmo1yt6pkw70sk3rfzt6fft2vdhh0nvvpwmz00q6h5,False,650761392,0,VOTE_OPTION_YES
osmo1ydrskl8w27n3dyxzgl233uazpgxarerd3qce9c,False,80100000,0,VOTE_OPTION_YES
osmo1y0xw2wh78syt7rzr9lfx2dnnd5ya79tty3m5wg,False,17990860,0,VOTE_OPTION_NO
osmo1y5m233es9rzfjk04gqc0ensk7kdwehvkr2nvzq,False,0,0,VOTE_OPTION_YES
osmo1y573wwtlw47tj0flkwhphhgrpufgptxfctyw5c,False,7650187917,0,VOTE_OPTION_YES
osmo1y407ldnzdp9t6slfww4zmqrkftzmnse6xepm6s,False,229786693,0,VOTE_OPTION_YES
osmo1yc4j8yw2wh2fcq3k7zsvntysggd93lhme4masp,False,300000000,0,VOTE_OPTION_YES
osmo1y6p7jgsr63gm62lxj730j6vdd3ushgypemfs9e,False,1395003037,0,VOTE_OPTION_YES
osmo1y6azg3vr48sda72duqyss30shlsazylyl60a9l,False,0,0,VOTE_OPTION_YES
osmo1ylh6rtney8hljckmjtcup05upuxctpv3xxz0nz,False,122000000,0,VOTE_OPTION_YES
osmo19ylk8zfu4qh7vrcmlsfgs6z99v3360qucut4vf,False,0,0,VOTE_OPTION_YES
osmo1984xcee3ejd65w9zmjr2stawy7a2nqzqpc0gg4,False,51493682,0,VOTE_OPTION_YES
osmo19g0ncn7y9rsuqpfwwt69cqxskemkn0lz0p2ut8,False,1000000,0,VOTE_OPTION_YES
osmo19nqck5cqxu40ee8d2ylfa05248svgkmxraa4h7,False,20000000,0,VOTE_OPTION_YES
osmo195ea098ndztvdt286l02y0jcg6des7pyl5n959,False,90845000,0,VOTE_OPTION_YES
osmo194swukntjr22803e7j73tssvcnrchpg38r66ve,False,435000000,0,VOTE_OPTION_YES
osmo19h49wedtlx7nrjqdfkae0qal5s3uwpyf4squ6f,False,51000000,0,VOTE_OPTION_YES
osmo19czuhkkvtw0p9ffqfcm36uuyw7pm95rrrp8qdk,False,0,0,VOTE_OPTION_YES
osmo196h0j26h5gpaz9n9hy7d30x9z7zfy9579u0f34,False,5331799,0,VOTE_OPTION_YES
osmo1xppn98w0gg6wl0q2g2nasmkqlf2elwpkh96gzk,False,15300000000,0,VOTE_OPTION_YES
osmo1xyfkcatfwwggy6dvqlewtusfmzzfrgerpc2p2z,False,363100000,0,VOTE_OPTION_ABSTAIN
osmo1xyde5wrmsjvennx7lhwuu5wl7ygnvyq2k25730,False,560919179,0,VOTE_OPTION_YES
osmo1xxzc8awwllqq4waxtej8u8vlyr89lmuycrk96k,False,2558400000,0,VOTE_OPTION_NO
osmo1xxrufwnvlys3pt0rmjhh40r7gv03n9869y858w,False,4500000,0,VOTE_OPTION_YES
osmo1xxxfwxuge2zg4newym8nua9uw76jzh4kyp034k,False,1200000,0,VOTE_OPTION_YES
osmo1x8958xm5el05p4thmg3vajv883z2w434c3jcd0,False,637000000,0,VOTE_OPTION_YES
osmo1xfy3jmsyjrgnu0qfgzdf8hxe6khpwgq0jpjd8g,False,116000000,0,VOTE_OPTION_YES
osmo1x2ay39z5fz8yt3nxymz4gmacwnwyup24k3unpl,False,12668906890,0,VOTE_OPTION_YES
osmo1xwseskrmnxrvesmad0xtyfvl3lx7xzkkr6q3qj,False,125000000,0,VOTE_OPTION_YES
osmo1x0mfl7wfyt9r8jangtkxvdeyqrphjymfqh604f,False,700000000,0,VOTE_OPTION_YES
osmo1xj6tdtk594mjrruucl4g39yvfhsahg8vdzf7ay,False,102202813,0,VOTE_OPTION_YES
osmo1xnpytds00wsyy863lxtxfcsaet2jkzvstt4hc9,False,2909110000,0,VOTE_OPTION_YES
osmo1xe0cpn002wge9ulguzyks09pnsqtw84m6dqqmh,False,1903550000,0,VOTE_OPTION_YES
osmo1x64yeuk900fe0quex4fqrpg2ttn8q7sz23g9vs,False,136216394,0,VOTE_OPTION_YES
osmo1xmuav7zgwe7jawmesu878hfajs2j7f6tdyw9ka,False,5061932,0,VOTE_OPTION_YES
osmo1xuwl7x8htyl26t7pe3l0x6auj3j9jwd22d7dmh,False,1385000000,0,VOTE_OPTION_YES
osmo1x79zsqpfp8p9pxj87zydaep36xa8wpfsnwnqj9,False,1000000,0,VOTE_OPTION_YES
osmo1xlykrvmztj07nkvw6aulkwahc2vyfqjrh906ty,False,20000000,0,VOTE_OPTION_NO
osmo18z8kq84a3nxszkg6fe0q6kyfff4cp8ntqql937,False,2199000000,0,VOTE_OPTION_YES
osmo18zlg5hsej6e40cfpya03339lfk88rqjxxunq3h,False,1100000,0,VOTE_OPTION_YES
osmo18rrz3q9h4ggpwamsdqzwzyl8cqwrn9se5z9m0m,False,95000000,0,VOTE_OPTION_YES
osmo18fj5h37y6knrzytm5qth7aezenxj7s64aj7ts4,False,497350000,0,VOTE_OPTION_NO
osmo18t6l5m0vs5995h9mr9ngkh8vvq7aq3ah2trv5m,False,16252308537,0,VOTE_OPTION_YES
osmo18dpnjxslnrv6jryek3weqs5ndukussumrvnmj8,False,43567000,0,VOTE_OPTION_YES
osmo18jlc56v4gxux4wcah5njcnkxv6lde2hngtgjym,False,59500000,0,VOTE_OPTION_YES
osmo18n8dvfsynm7m4znwd74vt40znhukefpkpv6ve8,False,353721114,0,VOTE_OPTION_YES
osmo18n3vlcthxv5s2s4zgjdrjr5a6lw9e7tm09jk8t,False,1564117422,0,VOTE_OPTION_YES
osmo18k8rzkm9lysg8ktl7np7gdlkm5yyr9yvhvzfr5,False,506696378,0,VOTE_OPTION_YES
osmo18e9g3kfkzc9n9aet5c9eqwvt6ay5raar8m9e6q,False,923000000,0,VOTE_OPTION_YES
osmo18a6aqwqmm2ltfjkh4w8ya0z5yx5grra3tq7mma,False,15000000,0,VOTE_OPTION_YES
osmo18lnd2qfx3recvrmk865twk32jnllgacrsf0eu5,False,4242454992,0,VOTE_OPTION_YES
osmo1grnkfjv63eud7zujvpduw2azyqd35ph323j8m0,False,746500000,0,VOTE_OPTION_YES
osmo1g99ccpz3n8z99la7j82vdqc50k257fhsuqw8mw,False,1500000,0,VOTE_OPTION_YES
osmo1g8gsfpnr9vazqhu8w63d0ag37pqqshj6gdd0p0,False,4800000000,0,VOTE_OPTION_ABSTAIN
osmo1ggtq2x4ve9erkjdn0w39mc6kkac63pjs3nq7w8,False,12523337270,0,VOTE_OPTION_YES
osmo1gtx9c6fj992za8rdf58m46kmyzjxngn04wcwcn,False,1000000,0,VOTE_OPTION_YES
osmo1gt0mt8vm5wa6a0t6un6dvs0x3a83twm7zkea0r,False,6000000,0,VOTE_OPTION_YES
osmo1gwq42c7s0zd3g50eckmy84sxlcu7t35u6fjc6g,False,0,0,VOTE_OPTION_YES
osmo1gw83d0kxgfcy44z90dekjum3msqng03xz7fj9e,False,10500000,0,VOTE_OPTION_YES
osmo1gwk3r3zrnfxcasat9xapyua0prsvmfvxrfn27y,False,3232000000,0,VOTE_OPTION_YES
osmo1g0dd3yp0uxu2gx6hdsqths0ac2lcd7ntkxwv2q,False,80062308,0,VOTE_OPTION_YES
osmo1gnfqundmu8pzxh52g6ula38pdmghn6mm88ppt0,False,680000000,0,VOTE_OPTION_YES
osmo1gk6py8fukt8dnaad00atemjqjlhjlwv9tna2ks,False,57646050000,0,VOTE_OPTION_YES
osmo1g6ydsj9ynpj872h3lfx8v9yhad4p8d9n4cffj4,False,2075000000,0,VOTE_OPTION_YES
osmo1frp504ay4zwuxhfpqgd995cw4kw4nee6e7x5dr,False,100000000,0,VOTE_OPTION_ABSTAIN
osmo1f9z23sv7l42uequk4p03egyftl59f2vuvev5rs,False,5000000000,0,VOTE_OPTION_YES
osmo1ftvprj059u8nwdaf5nvs93wrvmw80y9kv7n0ql,False,0,0,VOTE_OPTION_YES
osmo1ftwv988xjrca6c80newruq2y306fd2wy324u6r,False,360000000,0,VOTE_OPTION_YES
osmo1fdfzemza80w7vf4f0lxwcceutykw9e6nsfjm7d,False,8700000,0,VOTE_OPTION_YES
osmo1fjxu3mll5kfyhkfg22xk8wucr33jes8r6q5fvq,False,0,0,VOTE_OPTION_YES
osmo1fjs9qpuvkljdwmy8w3u0fcycxrjrkdhds7686j,False,6977000000,0,VOTE_OPTION_ABSTAIN
osmo1fkyvccs92hsrflefg9u030xpq7gflr96a7f7p5,False,204000000,0,VOTE_OPTION_YES
osmo1fkwnrnmqzgnr8vvjw7eudv6j4ggvft6tw3kxph,False,610000000,0,VOTE_OPTION_YES
osmo1fhwcyxx2lgefnslf0prm53k93qxsef6uvy2xxs,False,30188651,0,VOTE_OPTION_YES
osmo1fc5p3n0mlm2tk9dar55n9astmxs4p5jk8g0atd,False,30000400000,0,VOTE_OPTION_YES
osmo1ferszntw99ylfm8wc5jezr83r8lpttu0mdet68,False,947627725,0,VOTE_OPTION_YES
osmo1fe453vnvzmf5ktu3tyq7kd68gymcfzuuamnkmg,False,5783637993,0,VOTE_OPTION_YES
osmo1fm9mu875mlr6kzkngf5805cg9ha2sd3fqdpf98,False,200646799,0,VOTE_OPTION_YES
osmo1faut07apd2vnskhe7atk8ph4ux8cxc0q7fcz8t,False,1000000,0,VOTE_OPTION_YES
osmo1f787nxr4pn50fqw945tfzgw0yzuexdmtdgus8z,False,1000000,0,VOTE_OPTION_YES
osmo1fl44364g9qq3ax748hkp362c48jel2fh0r7g76,False,60530000,0,VOTE_OPTION_YES
osmo12pnnsmcycp5d00gmqjza6wu2qhcyltdr86zrr9,False,400000,0,VOTE_OPTION_YES
osmo12rpfdvjvzen2vk95en0nn3g6f2r2wy265la4w2,False,10000000,0,VOTE_OPTION_YES
osmo12rnu5pl8rd0nvjym6qx45dddv85y5san887z4r,False,6275987226,0,VOTE_OPTION_YES
osmo128twzjec6t5n54mydf5q3cy7jtf2v3agyzvk9k,False,130000000,0,VOTE_OPTION_YES
osmo12g2v4a7ej468c023x9f98zl9knddtwq0t78ve2,False,10206546321,0,VOTE_OPTION_YES
osmo12gtg0f03kuz7pzqcqch3xmvyn0m0rtkdwwkxp3,False,128121793,0,VOTE_OPTION_YES
osmo12gth2ge7cd0ddp2082vng8ft4qh27fetz7stfv,False,165000,0,VOTE_OPTION_YES
osmo12dzw7dswa308y37mwhcefae0umzxl2jr07z4q2,False,10000000,0,VOTE_OPTION_YES
osmo1204g59lju5lysugsc9d5d686jnnrhavdss3d6q,False,192000000,0,VOTE_OPTION_YES
osmo120u45fn44dgpf3zqdragxjwfvazj8rcgv9zhqp,False,137000000,0,VOTE_OPTION_YES
osmo125tl3umwps4ulsnkuwffqnw8mgadnljlw5ulru,False,582327150,0,VOTE_OPTION_NO
osmo125s2fr0x3fhzwr8m57x0nv58xv39kv3hufh00j,False,1628955034,0,VOTE_OPTION_YES
osmo125nzdjndr6g8sy4z999qllpre9xyzdujp75vf8,False,105000000,0,VOTE_OPTION_YES
osmo125uygxl0d05d9f5ql6g6zueutv5mswp45jf99f,False,150386329,0,VOTE_OPTION_YES
osmo12c4g3xt6vcqlnf88v5rynglnvnup8rprnzu3rd,False,1023489,0,VOTE_OPTION_YES
osmo12ealu07v9647r2gjv2u93hk2h2vvcwj9xvd7ly,False,5000000000,0,VOTE_OPTION_YES
osmo1263ul2vpxktdkzhh3ee64wgmnnt2txj77cvstn,False,1343205378,0,VOTE_OPTION_YES
osmo127c4cespmkzv6rak0uuflfggp4pzrp37ks3kp0,False,6220000,0,VOTE_OPTION_YES
osmo1tq5lc50mm6v2yyttmrc3qwgc737t5xlxmjevh6,False,1000000,0,VOTE_OPTION_YES
osmo1tqa7kt5vkzg3x5m64ky8x2lrv2uvlqmscuz8re,False,5941000000,0,VOTE_OPTION_YES
osmo1trdtu7wpg3jn8asl24eq8q30dp4m9lyy9gv8kp,False,25700000,0,VOTE_OPTION_YES
osmo1tys34c95zqjm57e9ca6ypqsc2gp0vsm93e5pdw,False,0,0,VOTE_OPTION_YES
osmo1t898lrhkkh4qjt2qn4vr57dcnr4ne0har68603,False,1674400000,0,VOTE_OPTION_YES
osmo1t8cgwzfcfcdlzqnxn4us6dhq90l0traddn2z8c,False,3953500000,0,VOTE_OPTION_YES
osmo1tg95ja5ahtsf6dzpwzahxuj2gkfgllmsna8z2d,False,340800000,0,VOTE_OPTION_YES
osmo1tf3jl53fuctqx8s3p57vkhrc9l7tptfzfy7pre,False,103148183,0,VOTE_OPTION_ABSTAIN
osmo1tvnl7qwgmgz3kj2jqc6a3u6zenlyrhcc97zq9g,False,857558600,0,VOTE_OPTION_YES
osmo1tveep5j8npptwacr3e8gc2km4t5agcn2xxdd46,False,0,0,VOTE_OPTION_YES
osmo1t3ymfp3azz7nvgseg8q4lf9m3xejrj8mxqvrlm,False,3562272000,0,VOTE_OPTION_YES
osmo1t42xgztw2ety5gleldmy3xxm4d7yz2e8rdxnya,False,19811374,0,VOTE_OPTION_ABSTAIN
osmo1t43afeavcdrsc9gpyrxc03r5407awjenc905hd,False,400000000,0,VOTE_OPTION_YES
osmo1tc82hm5ypva7vygmjg9u3fkfs4r8d2s0dnd44y,False,340000000,0,VOTE_OPTION_YES
osmo1t6vq6ud5p2me4jtfedv0qgnwepkyghpv98032q,False,100000000,0,VOTE_OPTION_NO_WITH_VETO
osmo1tuzdqwynm2xtpm2jjpr80cjrf46hcp2nee0qhv,False,8256200000,0,VOTE_OPTION_YES
osmo1tl2p5pz70zjp4s60gr5he0cljwjezpmk8r43q4,False,150000000,0,VOTE_OPTION_NO
osmo1tlkhrt874den98e0jed4qsamhf2r85ps3sxc3g,False,90934168,0,VOTE_OPTION_YES
osmo1vq97vj6hsrvg8569eclpnpsvs6nk7jll22ut6e,False,37530000,0,VOTE_OPTION_YES
osmo1vpwnq5sfxwgl94tmxvshjvwmgcnl3ykuaux3sf,False,4000000000,0,VOTE_OPTION_YES
osmo1vrk59fvyzeag3d3rs5njwrpqawp4vznnzn678s,False,2000000,0,VOTE_OPTION_YES
osmo1v9kjx8mvwqdyvlxvkqg73zaqchvs6ygdc79reu,False,2000000,0,VOTE_OPTION_YES
osmo1v8y4dg4csdc49dg836e2fupxwlnx5gdnmu4ynv,False,749000000,0,VOTE_OPTION_YES
osmo1v2r652er8wajnv7ew9glfdlfyqxq9yt20tq52h,False,0,0,VOTE_OPTION_YES
osmo1vv082ym5h2sungsvtjgljxvgwmpyfe60a5awsw,False,717174000,0,VOTE_OPTION_YES
osmo1vv6hruquzpty4xpks9znkw8gys5x4nsng4kery,False,15697031,0,VOTE_OPTION_NO_WITH_VETO
osmo1vdqlc2xqd87vg4l7jq4ca9vwe4890slqnl4xyp,False,63006094,0,VOTE_OPTION_YES
osmo1vd8ef20n5u3awdan5v9hr46spkh7rntupkgqv8,False,0,0,VOTE_OPTION_YES
osmo1vwrruj48vk8q49a7g8z08284wlvm9s6el6c7ej,False,997136726,0,VOTE_OPTION_YES
osmo1vwd7svqm098au038fk6u3v0uqvuhsgk0jw4vh9,False,248000000,0,VOTE_OPTION_YES
osmo1vwhl3fnxlzuayskecnjeguwuttygpwkhuw7s7w,False,807390384,0,VOTE_OPTION_YES
osmo1v0seee5jj9mhjr6x4kne7u2uylsg5clr5pckfv,False,113000000,0,VOTE_OPTION_YES
osmo1vsvukglm907sn0psda3e5609mgyvucwfsfh056,False,1195000000,0,VOTE_OPTION_YES
osmo1v5k4st3duzftjsrd4m82gwvz8aygcgz8txtq5l,False,957400000,0,VOTE_OPTION_YES
osmo1v48evz8hvh9sym3y0z39v5qgs7xa7ywt6fjzux,False,1679304,0,VOTE_OPTION_YES
osmo1vk3mapcg3p0sm09rnnmfltvpuwdu0zl3jeydeq,False,1000000,0,VOTE_OPTION_YES
osmo1vk6z2aa4hwf5kkd07248q8sm5xqzddueg2v23m,False,569000000,0,VOTE_OPTION_YES
osmo1vcmwvc6nd0w2dpvewrkqxa2yhyy3zsl08xp5ws,False,172110818,0,VOTE_OPTION_YES
osmo1vlg6s4p67g0kz7sgk5c43encgzfnac6uply7js,False,1000000,0,VOTE_OPTION_ABSTAIN
osmo1dp5evmfuf4fwx295w049s99nyfz29fvtuthzc8,False,2610000000,0,VOTE_OPTION_YES
osmo1dz0x992d8q8dcrmpxlzea269t6943cmy2epe59,False,21454500000,0,VOTE_OPTION_YES
osmo1dryykk7eyxncr7elnl36dvx7agulxn6wnsexat,False,420000000,0,VOTE_OPTION_YES
osmo1dyrn5gwetazs9xrsrkk0y79ldw4s244tr7aav5,False,410800000,0,VOTE_OPTION_YES
osmo1d82xepefv0w8dc83sak7y6jnmdeyn7tf77fhz6,False,10000000,0,VOTE_OPTION_YES
osmo1d8mq46wt2yxsgwrmh6hhfgycl0537w8grq5kku,False,5000000000,0,VOTE_OPTION_YES
osmo1dgjxwxtu4ztccvpke9v3xtqwjfxyuemyxpl44p,False,645746623,0,VOTE_OPTION_YES
osmo1d24ddxn9lqxvhk04xjlufa8hnzcmk6n875a63k,False,1843870104,0,VOTE_OPTION_YES
osmo1dtlh2ruun5lnyqjswlcn5w2el0xwn5nqatpwpv,False,133600000,0,VOTE_OPTION_NO
osmo1djjzf28ds5xa69dkyg0muu8emgpf4tnfdywgwn,False,90740000,0,VOTE_OPTION_YES
osmo1dn9f5fft8p6p979lk5xr0t9nmfdcf2vpg2f3n5,False,0,0,VOTE_OPTION_YES
osmo1dn82l2e0m6rrftp3vzvnjwf4l6y00z366kdlls,False,1954040000,0,VOTE_OPTION_YES
osmo1dn4ksttedez0lzk9842un0v24xx04ppddy7en2,False,20000000,0,VOTE_OPTION_YES
osmo1dnhwaj8x8hqn3y8k5yp57e7nljd5l34qezs0he,False,23976194,0,VOTE_OPTION_YES
osmo1dhwc73cg89f05wn8e49yc4nnr39ymn07yw7756,False,1000000000,0,VOTE_OPTION_YES
osmo1dejv45ml7phyfxl9u5rc44tmfupxlzemr3t305,False,116780000,0,VOTE_OPTION_YES
osmo1dmgmd2tpk0up470s3w5len6hk2ta0mms4j6js8,False,988114584,0,VOTE_OPTION_YES
osmo1dmsz8mj00v0tjc4q0hy7ms7hge3jmfujrcuek5,False,394000000,0,VOTE_OPTION_YES
osmo1wxr77gqlvsze50as4kulszajf4n7vh3dtne3sg,False,0,0,VOTE_OPTION_YES
osmo1w8nv8dfp67gsd443sxtsvjuh2lv2vwpsvs3zvr,False,2050000000,0,VOTE_OPTION_YES
osmo1wghlft0tlxv9mg9lxf39cx2ff78v3aq0tyc3s4,False,11057948015,0,VOTE_OPTION_YES
osmo1w2a4uqzvv05kcdlv5my747h9rrcy4m55wa9zsu,False,226300000,0,VOTE_OPTION_YES
osmo1w046x8pwv38h8ry0v05xx2guz2nesaas44w7ap,False,5990600,0,VOTE_OPTION_YES
osmo1wsuvf5rt4ftr40axdq4m8dkwdtnefqfp9mt5f3,False,1000380000,0,VOTE_OPTION_YES
osmo1w3m47vguq5jmhrga6zmsfsta59zdfez8pdpjhd,False,10000000000,0,VOTE_OPTION_YES
osmo1wk648m5qzzd60asznjx0vvde6qu20fw0k2zyw4,False,4670000000,0,VOTE_OPTION_YES
osmo1wev8ptzj27aueu04wgvvl4gvurax6rj5p5lw4u,False,25000000,0,VOTE_OPTION_YES
osmo1w6hg2r5g8pn74rzet8ell7kur3pr6jtshg4mn5,False,5350227337,0,VOTE_OPTION_YES
osmo1w6uzfa7kr8r4l9an5hzn0cnh7727ss05e54aqd,False,212000000,0,VOTE_OPTION_YES
osmo1wm8cj9mtzernlazyyh32spdjs2jla5l2k0ryk2,False,1400000000,0,VOTE_OPTION_YES
osmo1wuzqc83rdzfxxremcg9v6lt9adxfpz82j7wsvk,False,0,0,VOTE_OPTION_YES
osmo10rgklxvl892p07754t4yv573y9nrw3q03dx2qe,False,253400000,0,VOTE_OPTION_YES
osmo10x53ljf7kpvdksr3xeg45c4s7925dyjj835my3,False,356170930,0,VOTE_OPTION_YES
osmo10gkcwjuhlh3dn9uw52h2yvktgz6g3ngxdhfnjj,False,740100000,0,VOTE_OPTION_YES
osmo102a8tzfppfhjfw3eqr4x8pensa8l5ulwz8my66,False,939342463,0,VOTE_OPTION_YES
osmo10vtw8cc7gfu662ckajmgldwf3es37fqlxvcaat,False,471554686,0,VOTE_OPTION_YES
osmo10vvdsmu84g37nfx9p8k898k3tqqs5kkcd7q4f4,False,2200000000,0,VOTE_OPTION_YES
osmo10sxe9z0xt5hjs78t0q60p0wzuhlzq5m6lcd63h,False,1010000000,0,VOTE_OPTION_YES
osmo103hpgvyh6jan42gdn3j3vpk39dwgp5q7qmra89,False,111789000,0,VOTE_OPTION_YES
osmo10jm8fvdyqlj78w0j5nawc76wsn4pqmdxj4q5zl,True,11591355335,187723767481,VOTE_OPTION_YES
osmo105l5r3rjtynn7lg362r2m9hkpfvmgmjtkglsn9,False,18980000000,0,VOTE_OPTION_YES
osmo10c3cjjvkk6s5m8qzpm8stjce98sw7tsfyzvy9u,False,5606000,0,VOTE_OPTION_YES
osmo10e8zyhyyq82vyyktk8jnj368euqlhgqxn57742,False,20669207698,0,VOTE_OPTION_YES
osmo10mhwwt592qkm8hhntsmleljqm5m9647m7ch66c,False,2000000,0,VOTE_OPTION_YES
osmo10asvqus2p27j0csexkhzudkymxzdktlvwqxdaa,False,32760000,0,VOTE_OPTION_YES
osmo1070n5e5az5lx4f8v2eemwenxmhll46wm0zyhhq,False,1000000000,0,VOTE_OPTION_YES
osmo10law7pxs0y8d6288z87steglmtl2vx3udtxpds,False,388000000,0,VOTE_OPTION_YES
osmo1sqe7tld7g26al9t4plqxg9fqzjtq3s4vuwulqh,False,100000000,0,VOTE_OPTION_YES
osmo1spw22969ff57923m0j692s9n745eg8skpeh699,False,34962647,0,VOTE_OPTION_NO_WITH_VETO
osmo1spe42m04gq93j7hj793lq7avlmehydm0mrprus,False,1010200000,0,VOTE_OPTION_YES
osmo1szrvjjezqddzftmlkfg6uv4ytf8yuz3ewekhfv,False,14938035,0,VOTE_OPTION_YES
osmo1syd6g3ssd00k5nd9yaz643s07le3q0esxk4g4p,False,0,0,VOTE_OPTION_YES
osmo1s98qx5v77d3n4zzpzrd4vuk9pw6axzeeq8a7k9,False,796000000,0,VOTE_OPTION_YES
osmo1s9emke67f8ttpn8jmhlp7j72pqld6my8zek067,False,4263057617,0,VOTE_OPTION_YES
osmo1s8wy5p977yljnz62gzsn6u4yz57pan244umkeu,False,63402651,0,VOTE_OPTION_YES
osmo1sgtkl53fvgjnscahnpknaf6dxxe6cutvgem46m,False,4657600000,0,VOTE_OPTION_YES
osmo1sf5skllpwmcqp4hqe256d5e3esk9gvrxw7n4e8,False,1000780000,0,VOTE_OPTION_YES
osmo1sfc34ujkys84eeqmegm7lle955y3edytg0dcmj,False,400000000,0,VOTE_OPTION_YES
osmo1s24ht39ea9pquwa2ry3zwd4ahlq5zlj5fnwx53,False,6029000000,0,VOTE_OPTION_YES
osmo1s2hzdmgc8xqh3msgs720ytm3svvz4zpwk30l6w,False,0,0,VOTE_OPTION_YES
osmo1s2a7rckcky6jmhncxwy0xtwf2ymg87puaj4z2h,False,2670000000,0,VOTE_OPTION_YES
osmo1swaycmuf05crl95ev2af0x2et7mvs79thl2rrv,False,3183500000,0,VOTE_OPTION_YES
osmo1s0dkfgfql5wv9vj4p87pdky25rh357y5n8sd3u,False,10000000,0,VOTE_OPTION_YES
osmo1ssmeg0jhyr57kwjlt508lgz8jeqsfx85qfwcyp,False,1247000000,0,VOTE_OPTION_YES
osmo1s3zweq6jhxf072zmnwa536qzcyvlc30rf44tkn,False,300000000,0,VOTE_OPTION_YES
osmo1s3xq4zq7w3tl2knr9c2demg3v00zwnzecsg88j,False,30000000,0,VOTE_OPTION_NO
osmo1s6f8hkd7y3u7y44u9wkhjap6j69jtf77cw2c8c,False,1912500000,0,VOTE_OPTION_YES
osmo1smqr5tp684g07aekcn0w852wqlme5mn6xnhsvy,False,4143000000,0,VOTE_OPTION_YES
osmo1s7p8qqe7ucs23nmnld3p746hsk25aujt4rlmjy,False,225000000,0,VOTE_OPTION_YES
osmo13qxzds55ghwhklmxafc5y7nx80swpp0yd4uf2m,False,230000000,0,VOTE_OPTION_YES
osmo13ycr3zt6j5pna4dj0nht794ch2jcte2pygu7r2,False,1000000000,0,VOTE_OPTION_YES
osmo13ye4czwvptppx7makqrt578y4tcxg3l2j7rmvm,False,501000000,0,VOTE_OPTION_YES
osmo139xdnvgnreq95t3ey98kym482ng6lf76z9q7js,False,0,0,VOTE_OPTION_YES
osmo13944048lk3j8kz9q040nus2awvlfwmrvqeaynm,False,2800368014,0,VOTE_OPTION_YES
osmo13x9ckwpcpxjkswuuwdtde9een9jw9kdp82yszh,False,188000000,0,VOTE_OPTION_YES
osmo13gecgc0dlujhwq86exvdz2dxjpl2dc8xusj4c5,False,0,0,VOTE_OPTION_YES
osmo13tk45jkxgf7w0nxquup3suwaz2tx483xrsefl7,True,210000000,73479390710,VOTE_OPTION_YES
osmo130lcj6xtxm3tej7z3dnr5pv5uaauxqgj2ef7c6,False,10000000,0,VOTE_OPTION_YES
osmo133va8vgy0ygfjmvzy64pgay5w6lg4239f2qdy3,True,834097962,27889440897,VOTE_OPTION_YES
osmo13306hrp8e9y9z8lv5h2eccupffj8kw95hwx292,False,1718296067,0,VOTE_OPTION_YES
osmo13jryjprtxvny9ka0zmv4qv478p0a7chjyxgujc,False,106000000,0,VOTE_OPTION_YES
osmo13nnp438pzfcehqdf4kuguwq6h5q8phatffsv60,False,30000800000,0,VOTE_OPTION_YES
osmo13klflmfgjytwvxtcuh44dmh3rsuqluvjljacmn,False,0,0,VOTE_OPTION_YES
osmo13cx7dxuky5pvytgtpf047hr4unm3hvm93eqd47,False,1326000000,0,VOTE_OPTION_YES
osmo136x50uj9qlp632hmufd0qeda34j2zwn2w7rc2v,False,654850477,0,VOTE_OPTION_YES
osmo1360878zq3qxhh9eunw4ua7udmvx47kvsg25t66,False,1033500000,0,VOTE_OPTION_YES
osmo13ux5t7wtmthnlr6hszjlsqqzqjme5tgguydelv,False,100000,0,VOTE_OPTION_ABSTAIN
osmo13acu2gmykq658hht7x7hafhrcjlpkcrynse5uq,False,2425000000,0,VOTE_OPTION_YES
osmo137tkk4surqq7w33udw0fqf4fha5yns2332mwcf,False,1323000000,0,VOTE_OPTION_YES
osmo1jpm5amugqhyrl5y036f3h8cev3vrldunaqe79s,False,213000000,0,VOTE_OPTION_YES
osmo1j9wzqqv70c2zasmf7t0vl6ddqrrfvttjz2wp86,False,1500000,0,VOTE_OPTION_YES
osmo1jxzk29cfxrunzxgrze4ppxn5yuvsx8vrxprk9g,False,380477044,0,VOTE_OPTION_YES
osmo1jfa3vw3r50vyww2qwklxqn6qu06d3uf7vc63qm,False,5896890000,0,VOTE_OPTION_YES
osmo1j28m906upylzey4rghxs4ytww40tsewjns6t5s,False,30000600000,0,VOTE_OPTION_YES
osmo1jvggrd5vaurrm6dk0ppc55k7q47hf20395664a,False,1000000000,0,VOTE_OPTION_NO
osmo1js2p0vzlwh4r0wruz8hy29m73vn3jejpw33e2g,False,170000000,0,VOTE_OPTION_YES
osmo1j3z2lah8c4ppfez9029224a7aptmt62600w99f,False,7225578936,0,VOTE_OPTION_YES
osmo1j3r03dpsv7v0hrgtnxxmnvnf94h2zwu6rtacup,False,29088700000,0,VOTE_OPTION_YES
osmo1j378a22ufq9r4md3dqyxa7g9m3qeqwqmd6hlm8,False,1500000,0,VOTE_OPTION_YES
osmo1jjdvhkpt833auzwhhy4s5qkmvdn4gs9hselzuy,False,20000000,0,VOTE_OPTION_YES
osmo1jnshptet6chflna8aha2rk90230lylst3fuy4s,False,6714081262,0,VOTE_OPTION_YES
osmo1jk49uwqxa9nk98e5p0y8hszjvjuw5ek9kljf86,False,302120000,0,VOTE_OPTION_YES
osmo1j684gzyusy2k4t60fu4yh0mgg7mxcfwk64pk3r,False,0,0,VOTE_OPTION_ABSTAIN
osmo1j74acake6d2mfx4ra4rx6p7cuv2z8x8q84a8tk,False,0,0,VOTE_OPTION_YES
osmo1nffxrer06tgkzlhzdxtz7efrqf0ykufrf7xehh,False,1010000000,0,VOTE_OPTION_YES
osmo1n29zlkxp7f7tujmpkgj2akp4evar0ru4vlrurm,False,787000000,0,VOTE_OPTION_YES
osmo1nd0jaj0z5t70eanwwaqzetcrl8ggl5d8xvq6jx,False,401783646,0,VOTE_OPTION_YES
osmo1nwa2ts9tkazvn0jr8vhq9crxtaqgp4glnq73qg,False,8788470000,0,VOTE_OPTION_YES
osmo1n3mhyp9fvcmuu8l0q8qvjy07x0rql8q4hx70uh,True,4052000000,4274319375353,VOTE_OPTION_YES
osmo1n4rw4wnrxel26qs3t23xjq0fpne47gz9e0xc35,False,84431944,0,VOTE_OPTION_YES
osmo1n4sl9tp089rffrwpnh5zl6skjyjwwsxtyjcgsv,False,322560897,0,VOTE_OPTION_YES
osmo1nhfc04w08j8fmd0rwu8hc6f92g7qq9zlmnxcdc,False,20000000,0,VOTE_OPTION_YES
osmo1neaxf5fcn8cm0xarayfh7lak832hng39y6qat8,False,0,0,VOTE_OPTION_YES
osmo1nuaavcyexdmgm8t66f5eqgzfmc2agcfn0l2c76,False,309,0,VOTE_OPTION_YES
osmo1na45quuuzuv5xtzl5qqp9zep9rkluqykszgrul,False,8030000000,0,VOTE_OPTION_YES
osmo1n74enedgvq5p9nwazlhm3w2kvaemlsf4czcxm3,False,18803000000,0,VOTE_OPTION_YES
osmo15zwd722c425xyu6rwkvcd3dmzgxqd69465jtnq,False,10000000,0,VOTE_OPTION_YES
osmo15z3u48c5nhhce6xq4j0paqns5a5wkwdtj6vvrl,False,1000000,0,VOTE_OPTION_YES
osmo15y6p7pv5du3k5qfg5y6v8kuaze6xlmatmu76f3,False,640000,0,VOTE_OPTION_YES
osmo15x9lda4m8nkregw4y9kuuzggsyqtcpjh53nf46,False,2590836794,0,VOTE_OPTION_YES
osmo158ddh954pzt3etjh0yqe8lp7ax0pz6pc5g3ckk,False,1728000000,0,VOTE_OPTION_YES
osmo15w48fcnndw0ygz6due737udnkc9cfefffk62z5,False,18000000000,0,VOTE_OPTION_YES
osmo15n9xryv3vztsqv5wgf03pd2fmcsx7sm2crz09c,False,236902892,0,VOTE_OPTION_YES
osmo15nkzr5ckj8la4xws47s0rnc6n4ltp6y7ruap83,False,82693951,0,VOTE_OPTION_YES
osmo154y0lsvsewhmpr6n2eg02ruq9cmteec9h8cv6j,False,680690000,0,VOTE_OPTION_YES
osmo15kua95y83mppz6vhelgfsgngx7hgzjfuypmdvk,False,1000000,0,VOTE_OPTION_YES
osmo15hkp50jws863ulea7ja8jqmqg6w53mxju7tk0f,False,0,0,VOTE_OPTION_YES
osmo15e88jk4xd7jhyhxvngqpecquklerzq4rvcfk58,False,2726000000,0,VOTE_OPTION_YES
osmo156f80sv39ukp5803807lm4vupcc5mgdh57uvn4,False,0,0,VOTE_OPTION_YES
osmo15628n3l2a8f89s5vr5q3zxy97x3as77wmt4zez,False,3300000000,0,VOTE_OPTION_YES
osmo1562ssz9atlgftdtgk2e8yxqhmhycedyjd4kl8p,False,3300000,0,VOTE_OPTION_YES
osmo15uz5s3ha9s4whdsyqxnufzxfq77qu5a3zvenph,False,210500000,0,VOTE_OPTION_YES
osmo15urq2dtp9qce4fyc85m6upwm9xul30495qdm4l,True,123578271734,1128311943780,VOTE_OPTION_YES
osmo15ad424dugpac7kud4202s3jax8rgychmd966yf,False,1000000,0,VOTE_OPTION_YES
osmo1572vkccup89umm2p6u5tglcsptds8wen64l57w,False,78317763,0,VOTE_OPTION_YES
osmo14rcn5s80v2fthgzw0pkvkwgke4ss8ew8xw0wml,False,2000000000,0,VOTE_OPTION_YES
osmo14xcfa066ncyyrv790hjhtwsa2f03e33t4v6mvw,False,95000000,0,VOTE_OPTION_YES
osmo14fkasyjef958s62q4r5eua80yg83tgpn9fd0mw,False,1500000,0,VOTE_OPTION_YES
osmo142zrdg7e8spfgypz7xhkry65mkuw26ltujgvud,False,837000000,0,VOTE_OPTION_YES
osmo14tyk853cj8cn7r7v8fxty93xydgvhlej8k9dek,False,100000000,0,VOTE_OPTION_ABSTAIN
osmo14dmelcmvwq8sefu5tr4atv98u6ur9c2048yt5m,False,3152000000,0,VOTE_OPTION_YES
osmo140mtc9tsl84l5udw6j6vn672nev95w69ae7jhl,False,10020104940,0,VOTE_OPTION_YES
osmo14svelezkrxzp53xul6dr6p6awnet7hc5gcn9qe,False,100000000,0,VOTE_OPTION_YES
osmo14n5tztt584umq3rhrn67dl8x3u2vr3jxz494pn,False,278000000,0,VOTE_OPTION_YES
osmo144yjwr38rl5zn4hntwad0su3rk9scpz0g5muqr,False,137800000,0,VOTE_OPTION_YES
osmo144tzn2plptplryemuqu99uf0ypz2087f5zxy6y,False,101000000,0,VOTE_OPTION_YES
osmo144j3gyr37hg3jk548xy3yll9ludj5uxmmcw0vc,False,0,0,VOTE_OPTION_YES
osmo14cn56z5lsm5yly5x8qew5r7k94dchy6gf48upg,False,1785762208,0,VOTE_OPTION_YES
osmo14e8hx0g7v6lntjqnf055mu5qvp82g8txp2hqvx,False,0,0,VOTE_OPTION_YES
osmo14edy0mskwzyen3g6p3w8tanzjm8e06kx96txr8,False,13475999904,0,VOTE_OPTION_YES
osmo14ak5ymjhqwh0gwma0ctglm78junlyp33tg2tgt,False,3300000,0,VOTE_OPTION_YES
osmo147x940pd6rle53fmnvm3wyyfuld5wsq9v0pk0c,False,160500000,0,VOTE_OPTION_NO
osmo14l60sy00k3m3c6fcpanf5hlkk9mck4k7s5rdck,False,8492000000,0,VOTE_OPTION_YES
osmo1kp5meta5l2nq7drz0dkmzf882w2yl8rl76x23t,False,4000000,0,VOTE_OPTION_YES
osmo1krfmhqvfzmxex5uw5atjwfs9xpqel6hvgxpxje,False,11300000000,0,VOTE_OPTION_YES
osmo1krhqzttr824dm3zus8fvy79sefxe78k90mptht,False,2233882240,0,VOTE_OPTION_YES
osmo1kyqydg0tmq9ll9yya9vmncyl623mkgx4jq52v0,False,225000000,0,VOTE_OPTION_YES
osmo1k9c80fzl6ellutdwtafhh5mlz3z3qh2df5qr7d,False,150000000,0,VOTE_OPTION_YES
osmo1kx02jwsul38ydx0luc2xkjelyvez49tydnl6p0,False,9856000000,0,VOTE_OPTION_YES
osmo1kgl9wk8mvgc2ydlvhpg39a2ukqnqv0cvjpyl4p,False,1151874163,0,VOTE_OPTION_YES
osmo1kfmkknwveyqjjjkvmz5cwvnu2398dz7muk34p4,False,987000000,0,VOTE_OPTION_YES
osmo1kdgha5mecuz8a6w7axk60crjup74fs8v9drtyt,False,10000000,0,VOTE_OPTION_YES
osmo1kwz52f2p5xzlmxf33l4lq658zu5vg78vx2y7v4,False,0,0,VOTE_OPTION_YES
osmo1k0g7hacqf25ahx75x3p0dqsch73xk4mejdq3k6,False,255261885,0,VOTE_OPTION_YES
osmo1k0aq3m7reynyeme3fh4fkx5y04q00h8cuhaa60,False,0,0,VOTE_OPTION_YES
osmo1k3zuqrwkad0kpeh6p9fl7a2nnnevkv9584znph,False,1556100000,0,VOTE_OPTION_YES
osmo1k3a94rhd32qqy2zexful97jluh6dmkag4tk8jv,False,205680116,0,VOTE_OPTION_YES
osmo1kntuen5xjnhhtky9umnu5azy5emed7d8swvwxz,False,653311229,0,VOTE_OPTION_YES
osmo1k484fdw4f4sd63w5zgga2fvcacujncunrnw32l,False,45262750,0,VOTE_OPTION_YES
osmo1kkpa74mvgjap8gkz4wh4pqzsng3j4uthc9k5yq,False,86000000,0,VOTE_OPTION_YES
osmo1kk79xcsuah7ckvunku78094gyh7900ehahc45k,False,6466666,0,VOTE_OPTION_YES
osmo1khq7neq8ct3sd3qa0xjs08zqlhrzrj8rv8dtdg,False,1826061499,0,VOTE_OPTION_YES
osmo1kcpdvvk4eqhrs695thpc6kvc0jqntmur8sguz3,False,0,0,VOTE_OPTION_YES
osmo1kelu2qp9nkgzptzhp8nh4m3h4zsxfky88y7yjt,False,1864180000,0,VOTE_OPTION_YES
osmo1k6uxdd37tclwkp962kpdvtclqmvv0d4jqq63gu,False,154000000,0,VOTE_OPTION_YES
osmo1ku8s5n82p7tmjrefn7yne4shcs9z5l57hkeyr0,False,1629435720,0,VOTE_OPTION_YES
osmo1kafta3ymwg3d4wk67hd7qr8lkpvdeh5q0c40t6,False,432210688,0,VOTE_OPTION_YES
osmo1k77jjta04vfklyl7h2m4j63h7vp2kjny7n7c84,False,18000000,0,VOTE_OPTION_YES
osmo1hq8tlgq0kqz9e56532zghdhz7g8gtjymdltqer,False,7298000000,0,VOTE_OPTION_YES
osmo1hxh7pf878rj682jxj36wjy6zt3pyzlqpcm2s2z,False,743888036,0,VOTE_OPTION_YES
osmo1hg5xkmseze23e8w7mq0meycpypdtywpv7tlg28,False,52360000,0,VOTE_OPTION_YES
osmo1htf0u8agqg3795mrq6qawzsn852y3wpdsl0xpc,False,700000000,0,VOTE_OPTION_YES
osmo1hjuhwywq754h0lakl0g7x00mvjqxf52nhrfzlc,False,362000000,0,VOTE_OPTION_YES
osmo1h5dwmh69rcmhjxclzjtccjsxdprazsaa9z8q0k,False,9459918,0,VOTE_OPTION_YES
osmo1hh8lx7kw9nzf4cedgewnj7a3hlna6p8alr4chp,False,0,0,VOTE_OPTION_YES
osmo1hmgww29wynvpvtd2wgmm4rxqnr7qfx44fhfje3,False,490000000,0,VOTE_OPTION_YES
osmo1hu8vcgtkhkct0au4vqd8pjwgwxqwp0x34rep7c,False,126340,0,VOTE_OPTION_NO
osmo1hushxzcquw898eentx9dwg9nyvyvl2fmd2tk3g,False,67900000,0,VOTE_OPTION_YES
osmo1ham5qwp4hks56zv587y24new7ap0md5sxyuugs,False,12500000000,0,VOTE_OPTION_YES
osmo1h7vr0e7e8hsw07r66xv5u2tgxy8yljtme4v2ds,False,3200000,0,VOTE_OPTION_YES
osmo1cpjyc5mrk46ktz0vg3wj537700da48mez5mvcd,False,10800000,0,VOTE_OPTION_YES
osmo1cp7xd6a8cafhamhu7at8tqmjnu5c6uhq67d3ga,False,620000000,0,VOTE_OPTION_YES
osmo1cytxvxmmyk94y0ygjfd55g7vjqucs85wx8l7s6,False,1500000,0,VOTE_OPTION_YES
osmo1cxdsmzcqfwscnmuun3knlhshfvrhgge6vdvhcj,False,28360000,0,VOTE_OPTION_NO
osmo1cx7xywu9l6zfh0hexqlavm893ew7wcq3he25qt,False,2000000,0,VOTE_OPTION_NO
osmo1cfml6hhz8zsk427uk3ykfl5fngqanulpzntdm7,False,11000000,0,VOTE_OPTION_YES
osmo1cf72ak6autu0wxc23zfl45q04dpvp98hjr35nf,False,1725500000,0,VOTE_OPTION_YES
osmo1ctgp3saksavq29uxcat6gspqx8lxsdm4jxgycn,False,0,0,VOTE_OPTION_YES
osmo1cv73z7f9749md2kckw8nh8wr9sajpggfntt0ew,False,1000000,0,VOTE_OPTION_YES
osmo1c3uhgyvzurgezzs3kc0dc2k43jw32cjr3th9t4,False,10906082000,0,VOTE_OPTION_YES
osmo1cnskgpm8pasf628kzqs5vqlk5qk0y624lkucj4,False,214435018,0,VOTE_OPTION_YES
osmo1chckfyh2ttpx9fhu7r6nqnrsfl9zeptzmfkr45,False,3312000000,0,VOTE_OPTION_YES
osmo1cc4m9k3ds3fewyfhfgjqvqap85mn3gh6gxhxyk,False,235579779,0,VOTE_OPTION_YES
osmo1cev6jd22r63n8ws3pw4q0cgqkx9eqv20g2dylm,False,20564167,0,VOTE_OPTION_NO
osmo1c69yrjgrka9yafg7wcx4a0kwru9jwvwq0drfzx,False,46923731,0,VOTE_OPTION_YES
osmo1c60qxt64946vww87v7vq2wd9vetwtfgqtyztdm,False,1058310503,0,VOTE_OPTION_YES
osmo1cup2n08egpt4zv0lfrcteru2wnj8u6ugv9fmv7,False,729000000,0,VOTE_OPTION_YES
osmo1cuwcxtjmhfmy5kncxg78lu0fs6yljvdh3h78nm,False,0,0,VOTE_OPTION_YES
osmo1clpqr4nrk4khgkxj78fcwwh6dl3uw4epasmvnj,True,65922070000,4678276032692,VOTE_OPTION_YES
osmo1ey0zmwryem278r7rfhj90uxfuq4ndl9jjxhw40,False,13777511,0,VOTE_OPTION_YES
osmo1ex7v2j98m0lxr5h6ecdmky9tvxep4fah4hkuzt,False,293330122,0,VOTE_OPTION_YES
osmo1e2fyz6qg5naaerm2n7dlewfkf266h58yzqtktk,False,136700000,0,VOTE_OPTION_YES
osmo1e2dx997cqhtmfpsq0u6pq7pxc5np64chlldvyp,False,1839082,0,VOTE_OPTION_YES
osmo1e25uxqqf2hdllqwkqweug9a2jy5zgjme0jjd74,False,0,0,VOTE_OPTION_YES
osmo1etn3zk8x8nhekeynkzneejg6wcjadwu5z5gda6,False,735281498,0,VOTE_OPTION_YES
osmo1ewsfgyv0sxmttvar90s9ljjry99df99n6txupt,False,7146246000,0,VOTE_OPTION_YES
osmo1e0203vjaryjmy2wwj43up64daxd97s50drsd3n,False,7000000,0,VOTE_OPTION_YES
osmo1e4u570wepwwxz9xe8vu6p4yee8el57sz0f9nc6,False,310000000,0,VOTE_OPTION_YES
osmo1ekp7t6e8wshjafnv233q3ru69qm9mlwqxl0vfy,False,3391103899,0,VOTE_OPTION_NO
osmo1e6wkzy0lum5ytqlla473d9gss79tulcw7ghc7c,False,1000000,0,VOTE_OPTION_YES
osmo1el4fwm3fuym0ne4629v0prdr8ky34d7gtmrfpj,False,160000000,0,VOTE_OPTION_YES
osmo16pcr40t4w8q5qkcf0wspc5xacujtpqt5h94g86,False,61000000,0,VOTE_OPTION_YES
osmo1696x445vjqm2vlck3d58kcdgu6uz4pfn99mzpd,False,5300000,0,VOTE_OPTION_YES
osmo16862syzdtc6h0sxz92jhnjjas5yhhjgz8v7dxc,False,100000000,0,VOTE_OPTION_YES
osmo16vzpwgdfk5m0g4wx6ghfcy62scclwq36laxu45,False,3200000000,0,VOTE_OPTION_YES
osmo16wwmrvkvtfp4a43htm8fk4309w2dvkuv2vs8fl,False,386707393,0,VOTE_OPTION_YES
osmo160c4hf65fcxewuf7efhum8p78e2y9wz303payl,False,1100000000,0,VOTE_OPTION_YES
osmo16sknqh6mfamcymz5pjc4pe9xg0zrl8pruxuanc,False,10000000000,0,VOTE_OPTION_YES
osmo16jkp75x28qyvdkzacy3kx8a704gpgqjjyjc3ne,False,290689500,0,VOTE_OPTION_YES
osmo16n5htuhl28hn9ejpxr9znjmlm30kx4p35z2yq7,False,2694376513,0,VOTE_OPTION_YES
osmo16nc2kycsd46333evuryqgws295u3zxjq4h46wd,False,1000191000,0,VOTE_OPTION_YES
osmo16k96em8nk5usnxw38n94skklx2j9rr2wluwzvt,False,530440935,0,VOTE_OPTION_YES
osmo16h5u02f96njd562p5uueuswhtdpghnvg2z2e2g,False,500070000,0,VOTE_OPTION_YES
osmo16eh8fp3y8z2w0ftx9srkatavcte5rynw9cw9xn,False,3177686017,0,VOTE_OPTION_YES
osmo16lk64e5g6gk22snl3xmlh93z7rzdvs2fa7wg8r,False,1500000,0,VOTE_OPTION_YES
osmo16luaf5cwmncjjks5ql6dx9v5llh69yk59dvar5,False,54000000,0,VOTE_OPTION_YES
osmo1mqwzx6asn8fltassvsnkgsqs75gl66jt93u4g7,False,150309700,0,VOTE_OPTION_YES
osmo1mzk5077xzm36cw4wjzqesw0nf9udl52c3dn6pa,False,170000000,0,VOTE_OPTION_YES
osmo1m9le84ekzvp7zynu006un7jyqyfpq9lt2ayz8c,False,1727045896,0,VOTE_OPTION_YES
osmo1m8sxn5fnn74ftw2npw5d2fu4gxlha64ttur36x,False,139930040,0,VOTE_OPTION_YES
osmo1mglwkmhaah67rcuplczxl8ykfyl00zq3xtr52s,False,342143035,0,VOTE_OPTION_YES
osmo1md9f5524vtmrn64lyv2pdfn7cnkjkklf0zyg99,True,1000000,31009684612,VOTE_OPTION_YES
osmo1msdugtydswxl44dgv4tpmqh5vj2020pte2vxkl,False,1577404000,0,VOTE_OPTION_YES
osmo1m3rppnp8ycrcwsvex3stsh2mg72s9xk4zc8mtf,False,122000000,0,VOTE_OPTION_NO
osmo1m3tksyqwfegsm8u28k9ekyj60yrtjmcdjm80g4,False,1400000000,0,VOTE_OPTION_YES
osmo1m3567wl3jl0dwvm5m3et07hwmg83vvn8mrrygu,False,12903678,0,VOTE_OPTION_YES
osmo1m67vytjqkkdcwjxgqpuc7vldvunsz7ra665mpf,False,550000000,0,VOTE_OPTION_YES
osmo1muu9z9l95dt3skecrpck9x7v044rs6hqj4sf65,False,6300000,0,VOTE_OPTION_YES
osmo1m72ryu3d9xkl00kk5ggdmntuys09l7hsw75xa5,False,1000000000,0,VOTE_OPTION_YES
osmo1uqn4hyadc3xxxy7g4mlteha6z9zvy0ag9klwqx,False,174000000,0,VOTE_OPTION_YES
osmo1uzzq70mql64xrgxlxzszdz999j0t2ahnk5q9xk,False,81000000,0,VOTE_OPTION_YES
osmo1ur3nlec4l0a8rs32vmzpgd0yumk7wgtc5y4n4n,False,632000000,0,VOTE_OPTION_ABSTAIN
osmo1uyyzd0p2fpegwjf29tcrydaw93c42rumr66967,False,7500000,0,VOTE_OPTION_YES
osmo1u8xff6p6p4uunrpha6m7fskv6j5z49qhyeulty,False,3507362867,0,VOTE_OPTION_YES
osmo1ugwzx4n4ludm3f2tjsp425xtd55rpnduxkdzcp,False,5800000,0,VOTE_OPTION_YES
osmo1usme6asdhk6tn58a68w4zxudnl22ywa2ckzajv,False,400000000,0,VOTE_OPTION_YES
osmo1u3yq3sgmnq36p4c8jj73fmjxgeej69g7nnfj5c,False,95495339,0,VOTE_OPTION_YES
osmo1u3xmg7mpr54q7fa4tf888njmxdk38l20xkp7rg,False,966000000,0,VOTE_OPTION_YES
osmo1uh36v8655ngav2kmyp8p3nhks79sgfvuzkt5tm,False,2065000000,0,VOTE_OPTION_YES
osmo1uha9myr80slygptthz22pe53snjr94fr85x7eh,False,1500000,0,VOTE_OPTION_YES
osmo1u65q448axs8m9usf5zncdxeg80zkjdk0ne3e3h,False,2701891303,0,VOTE_OPTION_YES
osmo1umfz8sh6r6cwcfm4326tykm8hgql33nqera3wz,False,1070000000,0,VOTE_OPTION_YES
osmo1uufle6nnca57cs56kg7w7fcgmx0ktxylnrc37m,False,1811003281,0,VOTE_OPTION_YES
osmo1uaux0dl3gh40y9czng2eqn2d52uu8afvccg2pa,False,2450000000,0,VOTE_OPTION_YES
osmo1aq33wu0ld26l473ykv9gzc76d8pdyk0pe0awea,False,2000000000,0,VOTE_OPTION_YES
osmo1azl8d4w3vmxe4pv80xw2fwyphzr23kqzp2k796,False,500000000,0,VOTE_OPTION_YES
osmo1axxy2cjsh7a7rx5v2fhnqh9y4mmlrregcd6wwq,False,88728,0,VOTE_OPTION_YES
osmo1axw0250f5grefkp9rms36sxd9rz9s2hsncwdgp,False,1210000000,0,VOTE_OPTION_YES
osmo1a2hmdvahe6zuqt5cfupknshqr9z9cpq2nsyyl0,False,11456527,0,VOTE_OPTION_YES
osmo1atevshfyd6sdmydj4wk508gh99nrk46kfk0wpa,False,2812009000,0,VOTE_OPTION_YES
osmo1adt28ng43jwkfkh2082vz782xaw9m4nzwhtnk7,False,50000000,0,VOTE_OPTION_YES
osmo1awlntjfrmlq07kwr5ukwfvez46gagts9mwgyzs,False,300000000,0,VOTE_OPTION_YES
osmo1a3d39tv7qzmnjqwu7x8frrwphxq6y98jhf5nwe,False,520274624,0,VOTE_OPTION_YES
osmo1a3n33ueh8k4g77r7579l2nrhhz9tgnraucgew9,False,110000000,0,VOTE_OPTION_YES
osmo1ajql4ug94hxka0vqpq949mwgl72cst4g2cw4jf,False,1010500000,0,VOTE_OPTION_YES
osmo1aj04527mtnpfjxvzjrqgr52gfj66h3qjrwy7qj,False,169239147,0,VOTE_OPTION_YES
osmo1ajnnsm7q9y2sfnwm5ql2wnkzeavfuuwre0f07e,False,1500000000,0,VOTE_OPTION_YES
osmo1a5vqcg0wf7hz2kp9mhqskuc82wff6u3pk2h0sz,False,110000000,0,VOTE_OPTION_YES
osmo1a4d47g3svevq7jwc9y8zatpsuul0atdu9untnr,False,1500000,0,VOTE_OPTION_YES
osmo1auwlv38afrcrdsxc6luvsz2jrd47r9hstjhyge,False,0,0,VOTE_OPTION_YES
osmo1aaku39qny89uvplzqhs7plzr2vnnkhpwreq5gz,False,904400272,0,VOTE_OPTION_YES
osmo17q5detp9exwclmvnnlx69vrhk0uerszhxdz9p4,False,1000000,0,VOTE_OPTION_YES
osmo17rxdrdxhztsxn3272hl0dps0u6sudqla8qh8jp,False,60000000,0,VOTE_OPTION_YES
osmo179w0gk3zzr7ekq9kfawl45sce9fyc5yc24fn8r,False,0,0,VOTE_OPTION_YES
osmo17x2ry75hddumjswr2gr7hwfle7hdtnedq8nj5w,False,12809679977,0,VOTE_OPTION_YES
osmo17xny7d553qc4ffyjuczcqgra5xfys8gy6lnf3u,False,1005000000,0,VOTE_OPTION_YES
osmo178wsr62lq25crpvag0r5wep2jplw3jqvwnwavl,False,2002320000,0,VOTE_OPTION_YES
osmo17gp0nvgxhcxckuxal9pn8qaewvscpv6w6dcvra,False,1100000000,0,VOTE_OPTION_YES
osmo17fm43dvn7l6fsc6p08ck02hsq3lfp3gqknjpsw,False,30004250,0,VOTE_OPTION_YES
osmo17206qyffsxplqw094lv3nz8dmrcku2kguwn5u4,False,2903000000,0,VOTE_OPTION_YES
osmo17v66jnfqa8t4syrjv927nfxe2zmshysdc9q97m,False,173052000,0,VOTE_OPTION_YES
osmo17d7gw2m6xy20g25vda5fycrcpwwshq59cgzp8p,False,3866191,0,VOTE_OPTION_YES
osmo17070wwjhlurczgm9658k7p9a8ds08shjtdf822,False,1500000000,0,VOTE_OPTION_YES
osmo17hd3wan940nl8kk2c59y68708rjszdx5jstdrf,False,0,0,VOTE_OPTION_YES
osmo17h7fna86yn2z27rxrev8c3vudxxd3azm5gxdyz,False,1000000,0,VOTE_OPTION_YES
osmo176svsuj5nz07q2hwv9galz2av9csmzf4rznvhu,False,200800000,0,VOTE_OPTION_YES
osmo17u2y59zl6m06xag29f2r5tl4wq49ket0c058tg,False,0,0,VOTE_OPTION_YES
osmo1772luruswr7st45ac2rfzf4r48mj2jj2u4dgkr,False,500000000,0,VOTE_OPTION_YES
osmo1lgyasyg9dp7lsuh8uq6glsku93kxv9sc7h4mlr,False,2000000,0,VOTE_OPTION_YES
osmo1lfy9jw9qq4r3f92gn3p2lf8g5gx2d69z87t7d7,False,177300000,0,VOTE_OPTION_YES
osmo1l2jph2tk82ma799cv2veakx9wsy0rlxgrygn8t,False,0,0,VOTE_OPTION_YES
osmo1lt3zkefmj9y3w06ca30fpnnx94gxk4p3jhrh3m,False,2095000649,0,VOTE_OPTION_YES
osmo1l3xk8xw5pq80fcv49dvud3xmds6hcr7uaq4rtv,False,1000000,0,VOTE_OPTION_YES
osmo1ljsqgpg6aemq4n9uz6fdwen67r3z7adgfdcvyq,False,151820000,0,VOTE_OPTION_YES
osmo1ln4mkuwedcjd9g8ntseeyc2pssdxh0scf4q9kp,False,2787321988,0,VOTE_OPTION_YES
osmo1le4tamras80hs4w7mr0jzr3z6kugzrjf9at7cd,False,12186000000,0,VOTE_OPTION_YES
osmo1lmr3eytr6szp8ms00ck2mz3dmjwcz8zmrajk6z,False,1696000000,0,VOTE_OPTION_YES
osmo1lm9u97g8m42m83a7frhcxdhwdxdarez7keltst,False,1800000000,0,VOTE_OPTION_YES
osmo1lm0cffn4v3f52s845qr3jq8wwts0fsskus2d0c,False,3392000731,0,VOTE_OPTION_YES
osmo1lm7u2g4w23rv5z5kgz8e8w8s33qjt8p0d5je37,False,851000000,0,VOTE_OPTION_YES
osmo1lujrdh66jk9fqp9lrdu2va7t5sl0net0tnnrje,False,11849438000,0,VOTE_OPTION_YES
osmo1l7882jas7zx3y099xwzlxha9dzggfc2vhqw64d,False,0,0,VOTE_OPTION_YES
osmo1llxjmggmyqgqp47u3x9s24xlg5l7c65pz253u9,False,2500800000,0,VOTE_OPTION_YES
osmo1llvggls4rhn2yccu265u82qwvpan9505erjyfn,False,500000000,0,VOTE_OPTION_YES